player_id,player_role,prefix_name,prefix_bonus,prefix_prob,effective_bonus
10366616,Support,Balanced,8,0.33127850790850993,0.026502280632680796
10366616,Support,Bestial,17,0.3120783799329078,0.05305332458859433
10366616,Support,Brawny,13,0.1565481714142602,0.020351262283853824
10366616,Support,Canny,21,0.3561816843416639,0.07479815371174943
10366616,Support,Cerulean,22,0.17286625538663314,0.03803057618505929
10366616,Support,Clutch,17,0.24617355506332061,0.041849504360764504
10366616,Support,Coveted,19,0.02999708184543984,0.005699445550633569
10366616,Support,Crimson,6,0.15559929995413607,0.009335957997248165
10366616,Support,Dashing,16,0.15599163633556598,0.024958661813690556
10366616,Support,Elemental,16,0.3533173258976222,0.056530772143619554
10366616,Support,Emerald,22,0.3526421361263071,0.07758126994778757
10366616,Support,Glamorous,25,0.017287028551866073,0.004321757137966518
10366616,Support,Hirsute,12,0.2805651791435703,0.03366782149722844
10366616,Support,Otherworldly,24,0.015150831252639324,0.003636199500633438
10366616,Support,Sacrificial,19,0.2645759101053991,0.05026942292002583
10366616,Support,Virtuoso,22,0.09374460845001868,0.02062381385900411
16497807,Support,Balanced,8,0.2018987411066009,0.01615189928852807
16497807,Support,Bestial,17,0.1317436139603999,0.022396414373267986
16497807,Support,Brawny,13,0.06659307199885758,0.008657099359851485
16497807,Support,Canny,21,0.2469879170638071,0.05186746258339949
16497807,Support,Cerulean,22,0.09991378618808665,0.021981032961379064
16497807,Support,Clutch,17,0.27944697900771676,0.04750598643131185
16497807,Support,Coveted,19,0.054613587206577566,0.010376581569249737
16497807,Support,Crimson,6,0.33149916406457725,0.019889949843874634
16497807,Support,Dashing,16,0.4845202698307345,0.07752324317291752
16497807,Support,Elemental,16,0.08532031668087037,0.013651250668939258
16497807,Support,Emerald,22,0.332362857720865,0.0731198286985903
16497807,Support,Glamorous,25,0.06561091386896097,0.01640272846724024
16497807,Support,Hirsute,12,0.39331106372091557,0.047197327646509864
16497807,Support,Otherworldly,24,0.05760022443599403,0.013824053864638568
16497807,Support,Sacrificial,19,0.4250419191973415,0.08075796464749489
16497807,Support,Virtuoso,22,0,0
25907144,Support,Balanced,8,0.43983018692189746,0.0351864149537518
25907144,Support,Bestial,17,0.1087073481190229,0.01848024918023389
25907144,Support,Brawny,13,0.16445117282575691,0.021378652467348398
25907144,Support,Canny,21,0.18336535656009867,0.03850672487762072
25907144,Support,Cerulean,22,0.051070610209304666,0.011235534246047028
25907144,Support,Clutch,17,0.24617355506332061,0.041849504360764504
25907144,Support,Coveted,19,0.05695564437743156,0.010821572431711996
25907144,Support,Crimson,6,0.4941169680156935,0.029647018080941612
25907144,Support,Dashing,16,0.21235328369224699,0.033976525390759515
25907144,Support,Elemental,16,0.1392673822375461,0.022282781158007373
25907144,Support,Emerald,22,0.31449309884944737,0.06918848174687843
25907144,Support,Glamorous,25,0.17386234886814111,0.04346558721703528
25907144,Support,Hirsute,12,0.30906559003249245,0.037087870803899095
25907144,Support,Otherworldly,24,0.10664711810319301,0.025595308344766324
25907144,Support,Sacrificial,19,0.16822599521970233,0.03196293909174344
25907144,Support,Virtuoso,22,0.20527121886698557,0.045159668150736826
54580962,Support,Balanced,8,0.0443636801317539,0.0035490944105403123
54580962,Support,Bestial,17,0.4896687701187564,0.08324369092018859
54580962,Support,Brawny,13,0.3479852608590133,0.04523808391167173
54580962,Support,Canny,21,0.6076510590092328,0.12760672239193888
54580962,Support,Cerulean,22,0.4414641234916203,0.09712210716815646
54580962,Support,Clutch,17,0.19246241875290207,0.03271861118799335
54580962,Support,Coveted,19,0,0
54580962,Support,Crimson,6,0.24064326026116503,0.014438595615669902
54580962,Support,Dashing,16,0,0
54580962,Support,Elemental,16,0.36682632461097653,0.05869221193775624
54580962,Support,Emerald,22,0.18967985948024055,0.04172956908565292
54580962,Support,Glamorous,25,0,0
54580962,Support,Hirsute,12,0.12266686626773815,0.014720023952128578
54580962,Support,Otherworldly,24,0,0
54580962,Support,Sacrificial,19,0.10861880204446926,0.02063757238844916
54580962,Support,Virtuoso,22,0.11815786813051801,0.025994730988713962
56351509,Core,Balanced,8,0.5457506769939872,0.04366005415951897
56351509,Core,Bestial,17,0.39740451251690456,0.06755876712787377
56351509,Core,Brawny,13,0.4153651785830755,0.05399747321579981
56351509,Core,Canny,21,0.03888414442293737,0.008165670328816847
56351509,Core,Cerulean,22,0.14373636642040596,0.031622000612489314
56351509,Core,Clutch,17,0.2793836543689101,0.04749522124271472
56351509,Core,Coveted,19,0.14379736075213728,0.02732149854290608
56351509,Core,Crimson,6,0.24809138227785832,0.0148854829366715
56351509,Core,Dashing,16,0,0
56351509,Core,Elemental,16,0.2188196976514022,0.03501115162422435
56351509,Core,Emerald,22,0.1986624412522321,0.04370573707549106
56351509,Core,Glamorous,25,0,0
56351509,Core,Hirsute,12,0.5156746121647404,0.06188095345976885
56351509,Core,Otherworldly,24,0.2568250053216653,0.06163800127719967
56351509,Core,Sacrificial,19,0.3665786430736049,0.06964994218398493
56351509,Core,Virtuoso,22,0.2423492263230333,0.053316829791067326
77490514,Support,Balanced,8,0.316812264408353,0.025344981152668238
77490514,Support,Bestial,17,0.05420886214079004,0.009215506563934307
77490514,Support,Brawny,13,0.16581597233894135,0.021556076404062378
77490514,Support,Canny,21,0.20959929706324074,0.04401585238328056
77490514,Support,Cerulean,22,0.19234159422619798,0.04231515072976356
77490514,Support,Clutch,17,0.19246241875290207,0.03271861118799335
77490514,Support,Coveted,19,0.1229305361182587,0.02335680186246915
77490514,Support,Crimson,6,0.12189603619006467,0.00731376217140388
77490514,Support,Dashing,16,0.30777246618946497,0.049243594590314396
77490514,Support,Elemental,16,0.2849102367815128,0.045585637885042045
77490514,Support,Emerald,22,0.2993736890860144,0.06586221159892318
77490514,Support,Glamorous,25,0.060628978605737245,0.015157244651434311
77490514,Support,Hirsute,12,0.27491297949434135,0.03298955753932096
77490514,Support,Otherworldly,24,0.09822535571920078,0.02357408537260819
77490514,Support,Sacrificial,19,0.01305073447336836,0.0024796395499399886
77490514,Support,Virtuoso,22,0,0
81306398,Support,Balanced,8,0.4039877908546536,0.032319023268372285
81306398,Support,Bestial,17,0.38110540116315833,0.06478791819773692
81306398,Support,Brawny,13,0.17166450642297906,0.02231638583498728
81306398,Support,Canny,21,0.34978950438500145,0.0734557959208503
81306398,Support,Cerulean,22,0.2732843030742178,0.06012254667632792
81306398,Support,Clutch,17,0.3042160463326638,0.05171672787655285
81306398,Support,Coveted,19,0.05077804108430065,0.009647827806017124
81306398,Support,Crimson,6,0.5001489900517635,0.03000893940310581
81306398,Support,Dashing,16,0.07455819833736595,0.011929311733978551
81306398,Support,Elemental,16,0.284628789845705,0.0455406063753128
81306398,Support,Emerald,22,0.212208502426216,0.04668587053376752
81306398,Support,Glamorous,25,0,0
81306398,Support,Hirsute,12,0.24855994470478243,0.029827193364573894
81306398,Support,Otherworldly,24,0.1935695808489761,0.04645669940375426
81306398,Support,Sacrificial,19,0.13256886354144173,0.025188084072873932
81306398,Support,Virtuoso,22,0,0
86698277,Core,Balanced,8,0.738833308939145,0.0591066647151316
86698277,Core,Bestial,17,0.3410014572913287,0.05797024773952588
86698277,Core,Brawny,13,0.17390342109648008,0.02260744474254241
86698277,Core,Canny,21,0.05787108080113639,0.012152926968238642
86698277,Core,Cerulean,22,0.06801492707225869,0.014963283955896911
86698277,Core,Clutch,17,0.19246241875290207,0.03271861118799335
86698277,Core,Coveted,19,0.16834714688084162,0.03198595790735991
86698277,Core,Crimson,6,0.5692378523682601,0.0341542711420956
86698277,Core,Dashing,16,0.029392189163238432,0.0047027502661181496
86698277,Core,Elemental,16,0.25244455976249575,0.04039112956199932
86698277,Core,Emerald,22,0.11645497209192644,0.02562009386022382
86698277,Core,Glamorous,25,0,0
86698277,Core,Hirsute,12,0.4921651903109578,0.05905982283731493
86698277,Core,Otherworldly,24,0.1809195991024098,0.04342070378457835
86698277,Core,Sacrificial,19,0.4011873743159393,0.07622560112002846
86698277,Core,Virtuoso,22,0.3968473598699411,0.08730641917138703
87063175,Support,Balanced,8,0.4404758418168485,0.03523806734534788
87063175,Support,Bestial,17,0.0504959347937492,0.008584308914937364
87063175,Support,Brawny,13,0.0640064837537532,0.008320842887987916
87063175,Support,Canny,21,0.3558318694579015,0.07472469258615931
87063175,Support,Cerulean,22,0.0504959347937492,0.011109105654624822
87063175,Support,Clutch,17,0.22549335810708152,0.038333870878203856
87063175,Support,Coveted,19,0.11973738903793767,0.022750103917208157
87063175,Support,Crimson,6,0.29994932788571155,0.017996959673142694
87063175,Support,Dashing,16,0.13968580497149688,0.0223497287954395
87063175,Support,Elemental,16,0.03853423475875515,0.006165477561400824
87063175,Support,Emerald,22,0.3412421054822966,0.07507326320610526
87063175,Support,Glamorous,25,0.14914204522507796,0.03728551130626949
87063175,Support,Hirsute,12,0.2497516144448371,0.029970193733380453
87063175,Support,Otherworldly,24,0.2170637585720695,0.05209530205729668
87063175,Support,Sacrificial,19,0.20574117805301587,0.039090823830073014
87063175,Support,Virtuoso,22,0,0
91730177,Support,Balanced,8,0.33947935023792547,0.027158348019034037
91730177,Support,Bestial,17,0.34130940266585663,0.05802259845319563
91730177,Support,Brawny,13,0.04987196112647524,0.006483354946441782
91730177,Support,Canny,21,0.5143643129475096,0.10801650571897702
91730177,Support,Cerulean,22,0.4194943971469849,0.09228876737233667
91730177,Support,Clutch,17,0.27944697900771676,0.04750598643131185
91730177,Support,Coveted,19,0,0
91730177,Support,Crimson,6,0.2750203197018571,0.016501219182111428
91730177,Support,Dashing,16,0.09628437568808969,0.01540550011009435
91730177,Support,Elemental,16,0.4444284456347236,0.07110855130155577
91730177,Support,Emerald,22,0.2827996957703622,0.06221593306947968
91730177,Support,Glamorous,25,0.007111729291796991,0.0017779323229492477
91730177,Support,Hirsute,12,0.12920836924164586,0.015505004308997504
91730177,Support,Otherworldly,24,0.09616935313802703,0.023080644753126486
91730177,Support,Sacrificial,19,0.2858397583545526,0.054309554087365
91730177,Support,Virtuoso,22,0,0
94054712,Mid,Balanced,8,0.4763843997568191,0.03811075198054553
94054712,Mid,Bestial,17,0.15956913230269257,0.027126752491457736
94054712,Mid,Brawny,13,0.08419850171462424,0.010945805222901152
94054712,Mid,Canny,21,0.30841105536286356,0.06476632162620134
94054712,Mid,Cerulean,22,0.17409653565093927,0.03830123784320664
94054712,Mid,Clutch,17,0.30500604920657276,0.05185102836511737
94054712,Mid,Coveted,19,0.4533711592631401,0.08614052025999662
94054712,Mid,Crimson,6,0.2707235331243692,0.016243411987462153
94054712,Mid,Dashing,16,0.13100604316569314,0.020960966906510902
94054712,Mid,Elemental,16,0.15326399159827023,0.024522238655723238
94054712,Mid,Emerald,22,0.19619075058152521,0.04316196512793555
94054712,Mid,Glamorous,25,0.20908324835155903,0.05227081208788976
94054712,Mid,Hirsute,12,0.20915075696231905,0.025098090835478287
94054712,Mid,Otherworldly,24,0.12835566953127978,0.03080536068750715
94054712,Mid,Sacrificial,19,0.27923481396011657,0.053054614652422144
94054712,Mid,Virtuoso,22,0.1808694932762822,0.039791288520782085
94155156,Support,Balanced,8,0.1764724899446837,0.014117799195574696
94155156,Support,Bestial,17,0.2550763352444406,0.04336297699155491
94155156,Support,Brawny,13,0.19811736109748962,0.02575525694267365
94155156,Support,Canny,21,0.5443056263107424,0.1143041815252559
94155156,Support,Cerulean,22,0.3056968409371858,0.06725330500618087
94155156,Support,Clutch,17,0.22549335810708152,0.038333870878203856
94155156,Support,Coveted,19,0.044482472813399725,0.008451669834545948
94155156,Support,Crimson,6,0.3131534157846879,0.018789204947081275
94155156,Support,Dashing,16,0.08110452264708427,0.012976723623533484
94155156,Support,Elemental,16,0.48423456243148477,0.07747752998903756
94155156,Support,Emerald,22,0.24058544098469603,0.052928797016633125
94155156,Support,Glamorous,25,0.0063588153241114324,0.0015897038310278581
94155156,Support,Hirsute,12,0.3203000781868492,0.0384360093824219
94155156,Support,Otherworldly,24,0.08662799589414732,0.02079071901459536
94155156,Support,Sacrificial,19,0.27417384765688924,0.052093031054808954
94155156,Support,Virtuoso,22,0.4717364579701156,0.10378202075342542
94296097,Support,Balanced,8,0.310024930709351,0.02480199445674808
94296097,Support,Bestial,17,0.418371366171202,0.07112313224910434
94296097,Support,Brawny,13,0.06765377816550837,0.008794991161516087
94296097,Support,Canny,21,0.5898514104285829,0.12386879619000242
94296097,Support,Cerulean,22,0.42009272716655155,0.09242039997664135
94296097,Support,Clutch,17,0.21449051101991562,0.036463386873385656
94296097,Support,Coveted,19,0.009154404764845072,0.0017393369053205637
94296097,Support,Crimson,6,0.4643443145540785,0.02786065887324471
94296097,Support,Dashing,16,0.032469880696557804,0.005195180911449248
94296097,Support,Elemental,16,0.39840084373021534,0.06374413499683446
94296097,Support,Emerald,22,0.1721060279746373,0.03786332615442021
94296097,Support,Glamorous,25,0.20015924608280275,0.05003981152070069
94296097,Support,Hirsute,12,0.24443340880722228,0.029332009056866674
94296097,Support,Otherworldly,24,0.07497913451564645,0.017994992283755146
94296097,Support,Sacrificial,19,0.27227898670120937,0.05173300747322978
94296097,Support,Virtuoso,22,0,0
97590558,Core,Balanced,8,0.6556293005384728,0.05245034404307782
97590558,Core,Bestial,17,0.4464943900332907,0.07590404630565942
97590558,Core,Brawny,13,0.32628299405990513,0.04241678922778767
97590558,Core,Canny,21,0,0
97590558,Core,Cerulean,22,0,0
97590558,Core,Clutch,17,0.27944697900771676,0.04750598643131185
97590558,Core,Coveted,19,0.15504152241705554,0.029457889259240554
97590558,Core,Crimson,6,0.48428178899898844,0.029056907339939306
97590558,Core,Dashing,16,0.018087705401622023,0.0028940328642595237
97590558,Core,Elemental,16,0.16092763127585763,0.025748421004137222
97590558,Core,Emerald,22,0.26273805981827736,0.05780237316002102
97590558,Core,Glamorous,25,0.007111729291796991,0.0017779323229492477
97590558,Core,Hirsute,12,0.49302516843277333,0.0591630202119328
97590558,Core,Otherworldly,24,0.22692874734324636,0.05446289936237912
97590558,Core,Sacrificial,19,0.13001336767569316,0.024702539858381698
97590558,Core,Virtuoso,22,0,0
100058342,Core,Balanced,8,0.15366667079429994,0.012293333663543994
100058342,Core,Bestial,17,0,0
100058342,Core,Brawny,13,0.17847911982034123,0.02320228557664436
100058342,Core,Canny,21,0.1703245364873209,0.03576815266233739
100058342,Core,Cerulean,22,0.00590476437865422,0.0012990481633039282
100058342,Core,Clutch,17,0.24617355506332061,0.041849504360764504
100058342,Core,Coveted,19,0.20518964046232321,0.038986031687841406
100058342,Core,Crimson,6,0.2270832756110493,0.01362499653666296
100058342,Core,Dashing,16,0.4975296728980379,0.07960474766368607
100058342,Core,Elemental,16,0.2502877162822094,0.040046034605153505
100058342,Core,Emerald,22,0.31061428476305486,0.06833514264787206
100058342,Core,Glamorous,25,0.2783586338442674,0.06958965846106685
100058342,Core,Hirsute,12,0.13335362263191972,0.016002434715830363
100058342,Core,Otherworldly,24,0.017287028551866073,0.004148886852447857
100058342,Core,Sacrificial,19,0.12193730277387192,0.023168087527035666
100058342,Core,Virtuoso,22,0.12546163893853676,0.02760156056647809
100471531,Core,Balanced,8,0.5402132033223169,0.043217056265785356
100471531,Core,Bestial,17,0.2403173341327572,0.04085394680256872
100471531,Core,Brawny,13,0.44310172764858885,0.05760322459431655
100471531,Core,Canny,21,0,0
100471531,Core,Cerulean,22,0.1031446945778395,0.02269183280712469
100471531,Core,Clutch,17,0.2885771014599938,0.04905810724819895
100471531,Core,Coveted,19,0.25457225394982064,0.048368728250465926
100471531,Core,Crimson,6,0.5701600157401893,0.03420960094441136
100471531,Core,Dashing,16,0.0166850690290943,0.002669611044655088
100471531,Core,Elemental,16,0.23210507521459756,0.03713681203433561
100471531,Core,Emerald,22,0.0455698674347788,0.010025370835651337
100471531,Core,Glamorous,25,0.01618051574607311,0.004045128936518277
100471531,Core,Hirsute,12,0.48430530685878365,0.058116636823054034
100471531,Core,Otherworldly,24,0.0583405328894265,0.014001727893462358
100471531,Core,Sacrificial,19,0.17035081693005463,0.03236665521671038
100471531,Core,Virtuoso,22,0,0
101259972,Support,Balanced,8,0.29837921545242774,0.02387033723619422
101259972,Support,Bestial,17,0.4308692560644904,0.07324777353096336
101259972,Support,Brawny,13,0.2581972718784843,0.033565645344202956
101259972,Support,Canny,21,0.4156416462610981,0.08728474571483061
101259972,Support,Cerulean,22,0.2897049701931889,0.06373509344250156
101259972,Support,Clutch,17,0.2885771014599938,0.04905810724819895
101259972,Support,Coveted,19,0.03125082137515722,0.005937656061279872
101259972,Support,Crimson,6,0.32115462025595365,0.01926927721535722
101259972,Support,Dashing,16,0.027781866407989964,0.004445098625278394
101259972,Support,Elemental,16,0.33887998225127086,0.05422079716020334
101259972,Support,Emerald,22,0.14098119728585606,0.03101586340288833
101259972,Support,Glamorous,25,0.22022273017479943,0.05505568254369986
101259972,Support,Hirsute,12,0.21355687088693887,0.025626824506432663
101259972,Support,Otherworldly,24,0.08248398061986177,0.019796155348766824
101259972,Support,Sacrificial,19,0.18593209345943512,0.035327097757292675
101259972,Support,Virtuoso,22,0,0
106305042,Mid,Balanced,8,0.3318391176851442,0.026547129414811535
106305042,Mid,Bestial,17,0.14013596043526222,0.023823113273994577
106305042,Mid,Brawny,13,0.2642628381513369,0.034354168959673796
106305042,Mid,Canny,21,0.3075842638765838,0.0645926954140826
106305042,Mid,Cerulean,22,0.20200916272883962,0.044442015800344715
106305042,Mid,Clutch,17,0.1588601220594819,0.027006220750111925
106305042,Mid,Coveted,19,0.26831872480445806,0.050980557712847034
106305042,Mid,Crimson,6,0.3223033939338841,0.019338203636033044
106305042,Mid,Dashing,16,0.09631378028693509,0.015410204845909613
106305042,Mid,Elemental,16,0.26356948001633823,0.042171116802614116
106305042,Mid,Emerald,22,0.09066999710295835,0.019947399362650838
106305042,Mid,Glamorous,25,0.06504360620695929,0.01626090155173982
106305042,Mid,Hirsute,12,0.3329204560412416,0.03995045472494899
106305042,Mid,Otherworldly,24,0.16901261704106152,0.040563028089854763
106305042,Mid,Sacrificial,19,0.2823182894461141,0.053640474994761676
106305042,Mid,Virtuoso,22,0,0
106573901,Mid,Balanced,8,0.26090398013895083,0.020872318411116066
106573901,Mid,Bestial,17,0.22422328466465186,0.038117958392990814
106573901,Mid,Brawny,13,0.1698729343493218,0.022083481465411833
106573901,Mid,Canny,21,0.31312204693971446,0.06575562985734003
106573901,Mid,Cerulean,22,0.31312204693971446,0.06888685032673719
106573901,Mid,Clutch,17,0.2793836543689101,0.04749522124271472
106573901,Mid,Coveted,19,0.5165450644700734,0.09814356224931395
106573901,Mid,Crimson,6,0.2886580656434965,0.01731948393860979
106573901,Mid,Dashing,16,0.256101038572013,0.04097616617152208
106573901,Mid,Elemental,16,0.21821478360763033,0.034914365377220855
106573901,Mid,Emerald,22,0.15100341513197632,0.03322075132903479
106573901,Mid,Glamorous,25,0,0
106573901,Mid,Hirsute,12,0.28781652811450925,0.03453798337374111
106573901,Mid,Otherworldly,24,0.3360854512618933,0.08066050830285439
106573901,Mid,Sacrificial,19,0.06189264857280155,0.011759603228832294
106573901,Mid,Virtuoso,22,0.42933060551396657,0.09445273321307264
113331514,Support,Balanced,8,0.11405613527864993,0.009124490822291994
113331514,Support,Bestial,17,0.4202511966026701,0.07144270342245392
113331514,Support,Brawny,13,0.391141816386721,0.05084843613027373
113331514,Support,Canny,21,0.4644106508984157,0.0975262366886673
113331514,Support,Cerulean,22,0.19142758282907565,0.04211406822239664
113331514,Support,Clutch,17,0.1588601220594819,0.027006220750111925
113331514,Support,Coveted,19,0.12929433618812744,0.024565923875744217
113331514,Support,Crimson,6,0.20661907239382288,0.012397144343629374
113331514,Support,Dashing,16,0.030391397436213285,0.004862623589794126
113331514,Support,Elemental,16,0.18015483075291686,0.028824772920466698
113331514,Support,Emerald,22,0.16665034194073478,0.036663075226961654
113331514,Support,Glamorous,25,0.023223641550391045,0.005805910387597761
113331514,Support,Hirsute,12,0.2817481985696981,0.033809783828363776
113331514,Support,Otherworldly,24,0.1417404196329444,0.03401770071190666
113331514,Support,Sacrificial,19,0.20067888641143822,0.03812898841817326
113331514,Support,Virtuoso,22,0,0
115651292,Mid,Balanced,8,0.11923694939771025,0.00953895595181682
115651292,Mid,Bestial,17,0.10130712610304964,0.01722221143751844
115651292,Mid,Brawny,13,0.3414292251837073,0.04438579927388195
115651292,Mid,Canny,21,0.24771676976706444,0.05202052165108353
115651292,Mid,Cerulean,22,0.0874491322496568,0.019238809094924494
115651292,Mid,Clutch,17,0.22549335810708152,0.038333870878203856
115651292,Mid,Coveted,19,0.4754833745322887,0.09034184116113486
115651292,Mid,Crimson,6,0.2755462626394116,0.016532775758364697
115651292,Mid,Dashing,16,0.2916170556515181,0.04665872890424289
115651292,Mid,Elemental,16,0.1971997163457759,0.031551954615324146
115651292,Mid,Emerald,22,0.2558547182335914,0.05628803801139011
115651292,Mid,Glamorous,25,0.06185285420980282,0.015463213552450705
115651292,Mid,Hirsute,12,0.3989993372191929,0.04787992046630315
115651292,Mid,Otherworldly,24,0.29486461529466157,0.07076750767071878
115651292,Mid,Sacrificial,19,0.2385916070085503,0.04533240533162455
115651292,Mid,Virtuoso,22,0.1523410554666889,0.03351503220267156
116934015,Core,Balanced,8,0.2638917459045299,0.02111133967236239
116934015,Core,Bestial,17,0.1060142894210338,0.01802242920157575
116934015,Core,Brawny,13,0.40997919341940314,0.05329729514452241
116934015,Core,Canny,21,0,0
116934015,Core,Cerulean,22,0,0
116934015,Core,Clutch,17,0.27944697900771676,0.04750598643131185
116934015,Core,Coveted,19,0.2457871696070081,0.04669956222533154
116934015,Core,Crimson,6,0.49979237183468456,0.02998754231008107
116934015,Core,Dashing,16,0.32612906067606695,0.05218064970817071
116934015,Core,Elemental,16,0.04248254345978388,0.006797206953565421
116934015,Core,Emerald,22,0.05652823443200007,0.012436211575040015
116934015,Core,Glamorous,25,0.1284037205609915,0.032100930140247876
116934015,Core,Hirsute,12,0.2955029184861377,0.03546035021833652
116934015,Core,Otherworldly,24,0.12107948754985094,0.029059077011964227
116934015,Core,Sacrificial,19,0.06565110729796104,0.012473710386612597
116934015,Core,Virtuoso,22,0.16576743993918167,0.03646883678661997
118948666,Mid,Balanced,8,0.295803689602616,0.023664295168209278
118948666,Mid,Bestial,17,0.080821087391789,0.01373958485660413
118948666,Mid,Brawny,13,0.23527375594508118,0.030585588272860554
118948666,Mid,Canny,21,0.2377604978253036,0.04992970454331376
118948666,Mid,Cerulean,22,0.13616134458622545,0.0299554958089696
118948666,Mid,Clutch,17,0.23787808259509277,0.04043927404116577
118948666,Mid,Coveted,19,0.34839000246124346,0.06619410046763625
118948666,Mid,Crimson,6,0.35569711352414163,0.0213418268114485
118948666,Mid,Dashing,16,0.23116205662699923,0.036985929060319875
118948666,Mid,Elemental,16,0.23709820867978074,0.03793571338876492
118948666,Mid,Emerald,22,0.12803239152587498,0.028167126135692496
118948666,Mid,Glamorous,25,0.0699408287296491,0.017485207182412275
118948666,Mid,Hirsute,12,0.2085146206780844,0.02502175448137013
118948666,Mid,Otherworldly,24,0.22110630628764052,0.05306551350903373
118948666,Mid,Sacrificial,19,0.3414378471715701,0.06487319096259832
118948666,Mid,Virtuoso,22,0.2852604575587154,0.06275730066291739
123787715,Support,Balanced,8,0.2427495661346028,0.019419965290768223
123787715,Support,Bestial,17,0.3503400207270777,0.05955780352360321
123787715,Support,Brawny,13,0.16694478250936048,0.02170282172621686
123787715,Support,Canny,21,0.540341947838817,0.11347180904615156
123787715,Support,Cerulean,22,0.11863570636344382,0.02609985539995764
123787715,Support,Clutch,17,0.10159562693062116,0.017271256578205597
123787715,Support,Coveted,19,0.06676085921398993,0.012684563250658087
123787715,Support,Crimson,6,0.2895834929352058,0.01737500957611235
123787715,Support,Dashing,16,0.04996370351721978,0.007994192562755164
123787715,Support,Elemental,16,0.21623027306242074,0.03459684368998732
123787715,Support,Emerald,22,0.5327400178677427,0.11720280393090339
123787715,Support,Glamorous,25,0.18909827411165048,0.04727456852791262
123787715,Support,Hirsute,12,0.2868843546844552,0.03442612256213463
123787715,Support,Otherworldly,24,0.026713333084605734,0.006411199940305376
123787715,Support,Sacrificial,19,0.12011612410260658,0.02282206357949525
123787715,Support,Virtuoso,22,0,0
124801257,Core,Balanced,8,0,0
124801257,Core,Bestial,17,0.01568256267037858,0.0026660356539643586
124801257,Core,Brawny,13,0.38142513718867227,0.049585267834527394
124801257,Core,Canny,21,0,0
124801257,Core,Cerulean,22,0.22005600655216803,0.048412321441476974
124801257,Core,Clutch,17,0.2610268748337888,0.04437456872174409
124801257,Core,Coveted,19,0.2555709659696269,0.04855848353422911
124801257,Core,Crimson,6,0.1832861123905493,0.010997166743432958
124801257,Core,Dashing,16,0.6185748628113277,0.09897197804981243
124801257,Core,Elemental,16,0.16717656247908952,0.026748249996654323
124801257,Core,Emerald,22,0.03832893621715797,0.008432365967774753
124801257,Core,Glamorous,25,0.1545384377285418,0.03863460943213545
124801257,Core,Hirsute,12,0.2829847913460011,0.03395817496152013
124801257,Core,Otherworldly,24,0.09573559495093835,0.022976542788225203
124801257,Core,Sacrificial,19,0.024370842993479903,0.0046304601687611815
124801257,Core,Virtuoso,22,0,0
126238768,Core,Balanced,8,0.5562659566310074,0.044501276530480596
126238768,Core,Bestial,17,0.4449781038900611,0.07564627766131038
126238768,Core,Brawny,13,0.44373404336899264,0.057685425637969044
126238768,Core,Canny,21,0,0
126238768,Core,Cerulean,22,0.04644248745855804,0.01021734724088277
126238768,Core,Clutch,17,0.22549335810708152,0.038333870878203856
126238768,Core,Coveted,19,0.20897278061517335,0.03970482831688294
126238768,Core,Crimson,6,0.6780406548637226,0.04068243929182335
126238768,Core,Dashing,16,0,0
126238768,Core,Elemental,16,0.19151108181648313,0.0306417730906373
126238768,Core,Emerald,22,0,0
126238768,Core,Glamorous,25,0,0
126238768,Core,Hirsute,12,0.5283725983994055,0.06340471180792866
126238768,Core,Otherworldly,24,0.12564834871083289,0.030155603690599896
126238768,Core,Sacrificial,19,0.1477927004475117,0.028080613085027226
126238768,Core,Virtuoso,22,0.09001484671010541,0.01980326627622319
126842529,Core,Balanced,8,0.6024335590428649,0.04819468472342919
126842529,Core,Bestial,17,0.40965369740654656,0.06964112855911292
126842529,Core,Brawny,13,0.3717920674500511,0.04833296876850665
126842529,Core,Canny,21,0,0
126842529,Core,Cerulean,22,0.025774373507083986,0.0056703621715584775
126842529,Core,Clutch,17,0.20933426669649435,0.03558682533840404
126842529,Core,Coveted,19,0.14100452927049179,0.02679086056139344
126842529,Core,Crimson,6,0.6245809711430371,0.03747485826858223
126842529,Core,Dashing,16,0.025774373507083986,0.004123899761133438
126842529,Core,Elemental,16,0.23577587736596944,0.037724140378555114
126842529,Core,Emerald,22,0,0
126842529,Core,Glamorous,25,0.037946351689684354,0.009486587922421089
126842529,Core,Hirsute,12,0.623818532411823,0.07485822388941875
126842529,Core,Otherworldly,24,0.0452437227251125,0.010858493454026999
126842529,Core,Sacrificial,19,0.38011068407516513,0.07222102997428138
126842529,Core,Virtuoso,22,0.12217749308835898,0.026879048479438977
127565532,Support,Balanced,8,0.3810579989183042,0.030484639913464336
127565532,Support,Bestial,17,0.16008196282108686,0.027213933679584766
127565532,Support,Brawny,13,0.26651789734543774,0.034647326654906906
127565532,Support,Canny,21,0.3449865909237807,0.07244718409399395
127565532,Support,Cerulean,22,0.3208725188778733,0.07059195415313213
127565532,Support,Clutch,17,0.2793836543689101,0.04749522124271472
127565532,Support,Coveted,19,0.006886782066662032,0.001308488592665786
127565532,Support,Crimson,6,0.20446805813316024,0.012268083487989613
127565532,Support,Dashing,16,0.007437512812477373,0.0011900020499963798
127565532,Support,Elemental,16,0.32187781214609235,0.05150044994337478
127565532,Support,Emerald,22,0.02054531325761173,0.00451996891667458
127565532,Support,Glamorous,25,0.22366732579853865,0.05591683144963467
127565532,Support,Hirsute,12,0.05557373223932885,0.006668847868719462
127565532,Support,Otherworldly,24,0.027931662640373618,0.006703599033689669
127565532,Support,Sacrificial,19,0.1613602725162185,0.030658451778081516
127565532,Support,Virtuoso,22,0.16894441227120507,0.03716777069966512
129958758,Core,Balanced,8,0.5498810064517972,0.04399048051614377
129958758,Core,Bestial,17,0.2458027441236211,0.04178646650101559
129958758,Core,Brawny,13,0.42315832204591247,0.05501058186596862
129958758,Core,Canny,21,0.026960671502290454,0.0056617410154809955
129958758,Core,Cerulean,22,0,0
129958758,Core,Clutch,17,0.22874452627537165,0.03888656946681318
129958758,Core,Coveted,19,0.20454317105769212,0.03886320250096151
129958758,Core,Crimson,6,0.6561863691041546,0.039371182146249274
129958758,Core,Dashing,16,0,0
129958758,Core,Elemental,16,0.13121045312087146,0.020993672499339432
129958758,Core,Emerald,22,0.0655184796531616,0.014414065523695552
129958758,Core,Glamorous,25,0.03360785002017545,0.008401962505043863
129958758,Core,Hirsute,12,0.4810754044149926,0.05772904852979911
129958758,Core,Otherworldly,24,0.0615316866856073,0.014767604804545753
129958758,Core,Sacrificial,19,0.31594716132025596,0.06002996065084863
129958758,Core,Virtuoso,22,0,0
131303632,Mid,Balanced,8,0.27499466129177097,0.021999572903341678
131303632,Mid,Bestial,17,0.07040475904710919,0.01196880903800856
131303632,Mid,Brawny,13,0.17856956217174003,0.0232140430823262
131303632,Mid,Canny,21,0.1284158302372986,0.026967324349832705
131303632,Mid,Cerulean,22,0.1284158302372986,0.028251482652205694
131303632,Mid,Clutch,17,0.3042160463326638,0.05171672787655285
131303632,Mid,Coveted,19,0.35919201254330835,0.06824648238322858
131303632,Mid,Crimson,6,0.4473865754873166,0.026843194529238997
131303632,Mid,Dashing,16,0.4180199462991904,0.06688319140787047
131303632,Mid,Elemental,16,0.329492749190848,0.052718839870535675
131303632,Mid,Emerald,22,0.04193095191250118,0.00922480942075026
131303632,Mid,Glamorous,25,0.21376203556678605,0.05344050889169651
131303632,Mid,Hirsute,12,0.0999420231026906,0.011993042772322871
131303632,Mid,Otherworldly,24,0.4691251045959652,0.11259002510303164
131303632,Mid,Sacrificial,19,0.20589307730703493,0.03911968468833664
131303632,Mid,Virtuoso,22,0.18746096099063114,0.04124141141793885
132851371,Core,Balanced,8,0.38336106134712944,0.030668884907770356
132851371,Core,Bestial,17,0.3091376821625449,0.05255340596763263
132851371,Core,Brawny,13,0.6077641587504119,0.07900934063755355
132851371,Core,Canny,21,0,0
132851371,Core,Cerulean,22,0.06995496160524696,0.01539009155315433
132851371,Core,Clutch,17,0.30500604920657276,0.05185102836511737
132851371,Core,Coveted,19,0.1701541599079794,0.03232929038251609
132851371,Core,Crimson,6,0.5001826031282051,0.030010956187692304
132851371,Core,Dashing,16,0.00887477990245872,0.0014199647843933952
132851371,Core,Elemental,16,0.19888882299154387,0.03182221167864702
132851371,Core,Emerald,22,0.04016586812520136,0.008836490987544299
132851371,Core,Glamorous,25,0.04048858739438167,0.01012214684859542
132851371,Core,Hirsute,12,0.6148441751596809,0.07378130101916171
132851371,Core,Otherworldly,24,0.21836074480952863,0.05240657875428687
132851371,Core,Sacrificial,19,0.19884027379583116,0.03777965202120792
132851371,Core,Virtuoso,22,0,0
136829091,Support,Balanced,8,0.34591386810926555,0.027673109448741243
136829091,Support,Bestial,17,0.3245357834280874,0.05517108318277487
136829091,Support,Brawny,13,0.2265308956055756,0.02944901642872483
136829091,Support,Canny,21,0.36332745631109287,0.0762987658253295
136829091,Support,Cerulean,22,0.20838576237721268,0.04584486772298679
136829091,Support,Clutch,17,0.30500604920657276,0.05185102836511737
136829091,Support,Coveted,19,0.07990304675551316,0.0151815788835475
136829091,Support,Crimson,6,0.4825838474814691,0.028955030848888147
136829091,Support,Dashing,16,0.06422777997406601,0.010276444795850562
136829091,Support,Elemental,16,0.4008602153162088,0.06413763445059341
136829091,Support,Emerald,22,0.11253370876618662,0.024757415928561056
136829091,Support,Glamorous,25,0.056537004070111876,0.01413425101752797
136829091,Support,Hirsute,12,0.13642781410913632,0.016371337693096358
136829091,Support,Otherworldly,24,0.044736997697094,0.01073687944730256
136829091,Support,Sacrificial,19,0.1307589575401529,0.024844201932629054
136829091,Support,Virtuoso,22,0.10818561289921783,0.02380083483782792
137129583,Mid,Balanced,8,0.2833950135919817,0.022671601087358537
137129583,Mid,Bestial,17,0.1792559262158768,0.030473507456699057
137129583,Mid,Brawny,13,0.058142549847354896,0.0075585314801561365
137129583,Mid,Canny,21,0.4036998891919123,0.08477697673030159
137129583,Mid,Cerulean,22,0.3295122884188784,0.07249270345215325
137129583,Mid,Clutch,17,0.22874452627537165,0.03888656946681318
137129583,Mid,Coveted,19,0.327572224239246,0.06223872260545674
137129583,Mid,Crimson,6,0.31854097969909373,0.019112458781945625
137129583,Mid,Dashing,16,0.2547625473687511,0.04076200757900018
137129583,Mid,Elemental,16,0.14806116639699027,0.023689786623518443
137129583,Mid,Emerald,22,0.14188129437527974,0.031213884762561542
137129583,Mid,Glamorous,25,0.22265690374846625,0.05566422593711656
137129583,Mid,Hirsute,12,0.4116680301379741,0.04940016361655689
137129583,Mid,Otherworldly,24,0.5007391068760677,0.12017738565025624
137129583,Mid,Sacrificial,19,0.11160618034173149,0.021205174264928982
137129583,Mid,Virtuoso,22,0.4252926700638303,0.09356438741404266
138177198,Core,Balanced,8,0.5774047016516908,0.04619237613213526
138177198,Core,Bestial,17,0.41267419633587127,0.07015461337709811
138177198,Core,Brawny,13,0.39449715406137015,0.05128463002797812
138177198,Core,Canny,21,0,0
138177198,Core,Cerulean,22,0.032241382080132934,0.007093104057629246
138177198,Core,Clutch,17,0.1933350935931064,0.03286696591082809
138177198,Core,Coveted,19,0.4081297175441385,0.07754464633338631
138177198,Core,Crimson,6,0.44825411246332025,0.026895246747799213
138177198,Core,Dashing,16,0.02809814428693907,0.004495703085910251
138177198,Core,Elemental,16,0.23669645224216274,0.037871432358746036
138177198,Core,Emerald,22,0.1382264117858644,0.030409810592890166
138177198,Core,Glamorous,25,0,0
138177198,Core,Hirsute,12,0.5001858367341817,0.06002230040810181
138177198,Core,Otherworldly,24,0.2016033649590048,0.04838480759016115
138177198,Core,Sacrificial,19,0.1940505677138385,0.03686960786562931
138177198,Core,Virtuoso,22,0,0
138857296,Core,Balanced,8,0.5112502435104128,0.04090001948083302
138857296,Core,Bestial,17,0.25280894522501507,0.04297752068825256
138857296,Core,Brawny,13,0.47984146172307124,0.06237939002399926
138857296,Core,Canny,21,0,0
138857296,Core,Cerulean,22,0.05194666375351044,0.011428266025772295
138857296,Core,Clutch,17,0.21449051101991562,0.036463386873385656
138857296,Core,Coveted,19,0.2160250116888452,0.04104475222088059
138857296,Core,Crimson,6,0.5730551325576811,0.03438330795346087
138857296,Core,Dashing,16,0.008908294766516075,0.001425327162642572
138857296,Core,Elemental,16,0.1456429359406673,0.023302869750506768
138857296,Core,Emerald,22,0.03513290327202962,0.007729238719846516
138857296,Core,Glamorous,25,0.008908294766516075,0.002227073691629019
138857296,Core,Hirsute,12,0.35253843925395756,0.0423046127104749
138857296,Core,Otherworldly,24,0.10633861819716676,0.02552126836732002
138857296,Core,Sacrificial,19,0.2852675193972345,0.05420082868547455
138857296,Core,Virtuoso,22,0.23214569050326922,0.05107205191071923
138880576,Core,Balanced,8,0.3917251023893869,0.03133800819115095
138880576,Core,Bestial,17,0.2355097689601315,0.04003666072322235
138880576,Core,Brawny,13,0.4761979742475824,0.06190573665218571
138880576,Core,Canny,21,0,0
138880576,Core,Cerulean,22,0.15259118773023114,0.03357006130065085
138880576,Core,Clutch,17,0.3042160463326638,0.05171672787655285
138880576,Core,Coveted,19,0.22906716672557326,0.043522761677858915
138880576,Core,Crimson,6,0.4664496762162803,0.02798698057297682
138880576,Core,Dashing,16,0.13207692336303076,0.021132307738084923
138880576,Core,Elemental,16,0.33653040683323476,0.05384486509331756
138880576,Core,Emerald,22,0.0647370324583577,0.014242147140838695
138880576,Core,Glamorous,25,0,0
138880576,Core,Hirsute,12,0.3334087015038363,0.040009044180460356
138880576,Core,Otherworldly,24,0.20286837333436203,0.04868840960024689
138880576,Core,Sacrificial,19,0.17225675374149366,0.032728783210883794
138880576,Core,Virtuoso,22,0.08903667958692733,0.019588069509124013
139031324,Core,Balanced,8,0.29983072996360727,0.023986458397088583
139031324,Core,Bestial,17,0.3498990322626452,0.05948283548464968
139031324,Core,Brawny,13,0.6904269028314416,0.08975549736808741
139031324,Core,Canny,21,0,0
139031324,Core,Cerulean,22,0.03264493410785096,0.007181885503727211
139031324,Core,Clutch,17,0.158600949540353,0.02696216142186001
139031324,Core,Coveted,19,0.1301183407901569,0.024722484750129815
139031324,Core,Crimson,6,0.4701348553595271,0.028208091321571628
139031324,Core,Dashing,16,0.009742367204951096,0.0015587787527921754
139031324,Core,Elemental,16,0.25884522691672884,0.041415236306676616
139031324,Core,Emerald,22,0.10411703037897255,0.02290574668337396
139031324,Core,Glamorous,25,0.057816478175565046,0.014454119543891262
139031324,Core,Hirsute,12,0.4387840468104875,0.0526540856172585
139031324,Core,Otherworldly,24,0.24269191433584283,0.05824605944060228
139031324,Core,Sacrificial,19,0.18823420391871717,0.03576449874455626
139031324,Core,Virtuoso,22,0,0
143693439,Support,Balanced,8,0.587413384110577,0.046993070728846155
143693439,Support,Bestial,17,0.5003301094640008,0.08505611860888013
143693439,Support,Brawny,13,0.16540296420566716,0.021502385346736732
143693439,Support,Canny,21,0.2471836516837559,0.05190856685358874
143693439,Support,Cerulean,22,0.22121035632641198,0.04866627839181063
143693439,Support,Clutch,17,0.22874452627537165,0.03888656946681318
143693439,Support,Coveted,19,0.010321727736414791,0.0019611282699188103
143693439,Support,Crimson,6,0.7189025989142814,0.04313415593485688
143693439,Support,Dashing,16,0,0
143693439,Support,Elemental,16,0.45832257144885324,0.07333161143181652
143693439,Support,Emerald,22,0.014719194632105668,0.0032382228190632467
143693439,Support,Glamorous,25,0.02830027219451742,0.007075068048629355
143693439,Support,Hirsute,12,0.032930716886300754,0.00395168602635609
143693439,Support,Otherworldly,24,0.032930716886300754,0.00790337205271218
143693439,Support,Sacrificial,19,0.38986759315764125,0.07407484269995183
143693439,Support,Virtuoso,22,0,0
148215639,Core,Balanced,8,0.16634288895041446,0.013307431116033157
148215639,Core,Bestial,17,0.04517354401958719,0.007679502483329822
148215639,Core,Brawny,13,0.3820417187396846,0.049665423436159
148215639,Core,Canny,21,0.012191616509341172,0.002560239466961646
148215639,Core,Cerulean,22,0.12741230955088026,0.02803070810119366
148215639,Core,Clutch,17,0.21449051101991562,0.036463386873385656
148215639,Core,Coveted,19,0.24759456180792844,0.04704296674350641
148215639,Core,Crimson,6,0.24545399226203002,0.014727239535721802
148215639,Core,Dashing,16,0.43942377580055975,0.07030780412808955
148215639,Core,Elemental,16,0.19224560191131898,0.030759296305811038
148215639,Core,Emerald,22,0.0943564495292923,0.020758418896444305
148215639,Core,Glamorous,25,0.1486120499697171,0.03715301249242928
148215639,Core,Hirsute,12,0.1980783042638179,0.023769396511658148
148215639,Core,Otherworldly,24,0.08170465885999581,0.019609118126398994
148215639,Core,Sacrificial,19,0.13277118398914947,0.025226524957938402
148215639,Core,Virtuoso,22,0.08850735995693333,0.019471619190525334
152859296,Support,Balanced,8,0.4489971002481871,0.03591976801985497
152859296,Support,Bestial,17,0.2161499081359313,0.036745484383108325
152859296,Support,Brawny,13,0.12082736469942816,0.015707557410925662
152859296,Support,Canny,21,0.2770212285879804,0.058174458003475885
152859296,Support,Cerulean,22,0.15599277553190966,0.03431841061702012
152859296,Support,Clutch,17,0.20933426669649435,0.03558682533840404
152859296,Support,Coveted,19,0.19323872035137987,0.036715356866762174
152859296,Support,Crimson,6,0.22491490696143468,0.01349489441768608
152859296,Support,Dashing,16,0.15315430646440434,0.024504689034304694
152859296,Support,Elemental,16,0.07372922265565778,0.011796675624905243
152859296,Support,Emerald,22,0.36749383757982207,0.08084864426756086
152859296,Support,Glamorous,25,0.19226671299360776,0.04806667824840193
152859296,Support,Hirsute,12,0.25099104529168464,0.03011892543500216
152859296,Support,Otherworldly,24,0.039812350243051985,0.009554964058332475
152859296,Support,Sacrificial,19,0.2203196586165723,0.04186073513714874
152859296,Support,Virtuoso,22,0.14950869659927538,0.03289191325184058
152962063,Core,Balanced,8,0.17266676210757717,0.013813340968606173
152962063,Core,Bestial,17,0,0
152962063,Core,Brawny,13,0.08280099269327787,0.010764129050126123
152962063,Core,Canny,21,0,0
152962063,Core,Cerulean,22,0.30976343894382286,0.06814795656764103
152962063,Core,Clutch,17,0.19246241875290207,0.03271861118799335
152962063,Core,Coveted,19,0.19835415574543175,0.037687289591632034
152962063,Core,Crimson,6,0.19346517505727567,0.01160791050343654
152962063,Core,Dashing,16,0.7445322451991448,0.11912515923186318
152962063,Core,Elemental,16,0.13513550403471644,0.02162168064555463
152962063,Core,Emerald,22,0.2345718392318812,0.05160580463101387
152962063,Core,Glamorous,25,0.3125746172204556,0.0781436543051139
152962063,Core,Hirsute,12,0.09251397859270656,0.011101677431124788
152962063,Core,Otherworldly,24,0.11097781846042121,0.02663467643050109
152962063,Core,Sacrificial,19,0.24639000710459208,0.046814101349872496
152962063,Core,Virtuoso,22,0,0
157475523,Support,Balanced,8,0.27500373224697033,0.022000298579757625
157475523,Support,Bestial,17,0.16121649646295608,0.027406804398702533
157475523,Support,Brawny,13,0.1607300384576379,0.020894904999492928
157475523,Support,Canny,21,0.3147504083671731,0.06609758575710635
157475523,Support,Cerulean,22,0.22802689926700748,0.05016591783874165
157475523,Support,Clutch,17,0.22874452627537165,0.03888656946681318
157475523,Support,Coveted,19,0.1308063742715362,0.024853211111591878
157475523,Support,Crimson,6,0.1540869282465542,0.009245215694793252
157475523,Support,Dashing,16,0.24951582092821875,0.039922531348515
157475523,Support,Elemental,16,0.11564993184369955,0.01850398909499193
157475523,Support,Emerald,22,0.37144726180212423,0.08171839759646733
157475523,Support,Glamorous,25,0.19501670145452898,0.048754175363632246
157475523,Support,Hirsute,12,0.3582743752527406,0.042992925030328866
157475523,Support,Otherworldly,24,0.06750241853795058,0.01620058044910814
157475523,Support,Sacrificial,19,0.10080181353620088,0.019152344571878168
157475523,Support,Virtuoso,22,0.07699105617851111,0.016938032359272444
157989498,Support,Balanced,8,0.35624700543992227,0.028499760435193783
157989498,Support,Bestial,17,0.06339753438592599,0.010777580845607418
157989498,Support,Brawny,13,0.2256763187259578,0.029337921434374515
157989498,Support,Canny,21,0.09210996683171434,0.01934309303466001
157989498,Support,Cerulean,22,0.03812106318440041,0.00838663390056809
157989498,Support,Clutch,17,0.3042160463326638,0.05171672787655285
157989498,Support,Coveted,19,0.06383820052671378,0.01212925810007562
157989498,Support,Crimson,6,0.2858382884915368,0.017150297309492208
157989498,Support,Dashing,16,0.32596670900240565,0.05215467344038491
157989498,Support,Elemental,16,0.11647031799268993,0.01863525087883039
157989498,Support,Emerald,22,0.3563909705501716,0.07840601352103775
157989498,Support,Glamorous,25,0.05087225936497502,0.012718064841243755
157989498,Support,Hirsute,12,0.38434335445988355,0.04612120253518603
157989498,Support,Otherworldly,24,0.024323200233066014,0.005837568055935843
157989498,Support,Sacrificial,19,0.37501758547095587,0.07125334123948161
157989498,Support,Virtuoso,22,0.05087225936497502,0.011191897060294505
164199202,Support,Balanced,8,0.41776758287193366,0.033421406629754694
164199202,Support,Bestial,17,0.41407425833206357,0.0703926239164508
164199202,Support,Brawny,13,0.11092255582751684,0.014419932257577189
164199202,Support,Canny,21,0.3234376122098346,0.06792189856406526
164199202,Support,Cerulean,22,0.343165805891548,0.07549647729614056
164199202,Support,Clutch,17,0.30500604920657276,0.05185102836511737
164199202,Support,Coveted,19,0.050324708096579795,0.00956169453835016
164199202,Support,Crimson,6,0.04570507205036998,0.002742304323022199
164199202,Support,Dashing,16,0.14787224909071497,0.023659559854514397
164199202,Support,Elemental,16,0.1058586896457467,0.01693739034331947
164199202,Support,Emerald,22,0.33860312156252426,0.07449268674375534
164199202,Support,Glamorous,25,0.05673126884650844,0.01418281721162711
164199202,Support,Hirsute,12,0.21648775170082477,0.02597853020409897
164199202,Support,Otherworldly,24,0.047906339137302495,0.0114975213929526
164199202,Support,Sacrificial,19,0.21837475350243746,0.04149120316546312
164199202,Support,Virtuoso,22,0,0
164685175,Core,Balanced,8,0.2242261676595112,0.017938093412760897
164685175,Core,Bestial,17,0,0
164685175,Core,Brawny,13,0.4839979089718413,0.06291972816633937
164685175,Core,Canny,21,0,0
164685175,Core,Cerulean,22,0.11492719294287064,0.02528398244743154
164685175,Core,Clutch,17,0.3042160463326638,0.05171672787655285
164685175,Core,Coveted,19,0.297124579120104,0.05645367003281976
164685175,Core,Crimson,6,0.20778201151255182,0.012466920690753109
164685175,Core,Dashing,16,0.2917759233686475,0.0466841477389836
164685175,Core,Elemental,16,0,0
164685175,Core,Emerald,22,0.13148706284988762,0.028927153826975277
164685175,Core,Glamorous,25,0.1474068642893313,0.03685171607233283
164685175,Core,Hirsute,12,0.1964785344240546,0.02357742413088655
164685175,Core,Otherworldly,24,0.14880438902213372,0.035713053365312095
164685175,Core,Sacrificial,19,0.11426371993907389,0.02171010678842404
164685175,Core,Virtuoso,22,0,0
165564598,Core,Balanced,8,0.45056947495078603,0.036045557996062884
165564598,Core,Bestial,17,0.36551144748040404,0.06213694607166869
165564598,Core,Brawny,13,0.5404567247902248,0.07025937422272922
165564598,Core,Canny,21,0,0
165564598,Core,Cerulean,22,0.05900540390785806,0.012981188859728772
165564598,Core,Clutch,17,0.2610268748337888,0.04437456872174409
165564598,Core,Coveted,19,0.1784490316905925,0.03390531602121258
165564598,Core,Crimson,6,0.5663293867213586,0.03397976320328151
165564598,Core,Dashing,16,0.008973800258989174,0.001435808041438268
165564598,Core,Elemental,16,0.390725793867467,0.06251612701879472
165564598,Core,Emerald,22,0.03905287251543101,0.008591631953394822
165564598,Core,Glamorous,25,0,0
165564598,Core,Hirsute,12,0.3524935166133924,0.042299221993607083
165564598,Core,Otherworldly,24,0.21442994305234134,0.051463186332561923
165564598,Core,Sacrificial,19,0.38351434786823624,0.07286772609496489
165564598,Core,Virtuoso,22,0.5301816459224074,0.11663996210292961
168126336,Core,Balanced,8,0.5470793761115473,0.04376635008892379
168126336,Core,Bestial,17,0.4426016336482295,0.07524227772019902
168126336,Core,Brawny,13,0.4529206238884526,0.058879681105498835
168126336,Core,Canny,21,0,0
168126336,Core,Cerulean,22,0.05705606346661888,0.012552333962656153
168126336,Core,Clutch,17,0.10159562693062116,0.017271256578205597
168126336,Core,Coveted,19,0.13021284763112265,0.024740441049913305
168126336,Core,Crimson,6,0.6598426977393415,0.03959056186436049
168126336,Core,Dashing,16,0,0
168126336,Core,Elemental,16,0.2690324973786315,0.04304519958058104
168126336,Core,Emerald,22,0.035402344793473296,0.007788515854564125
168126336,Core,Glamorous,25,0,0
168126336,Core,Hirsute,12,0.5481683196698777,0.06578019836038532
168126336,Core,Otherworldly,24,0.22845924287800695,0.05483021829072166
168126336,Core,Sacrificial,19,0.2500753361754269,0.047514313873331104
168126336,Core,Virtuoso,22,0.11955001343199675,0.026301002955039284
170896543,Core,Balanced,8,0.09718213340702232,0.0077745706725617855
170896543,Core,Bestial,17,0.07045544224408021,0.011977425181493634
170896543,Core,Brawny,13,0.2431074075196294,0.031603962977551824
170896543,Core,Canny,21,0.16896078045468133,0.03548176389548308
170896543,Core,Cerulean,22,0.15661324301196092,0.0344549134626314
170896543,Core,Clutch,17,0.158600949540353,0.02696216142186001
170896543,Core,Coveted,19,0.5412541970748658,0.1028382974442245
170896543,Core,Crimson,6,0.26604175145401115,0.015962505087240668
170896543,Core,Dashing,16,0.490749678618667,0.07851994857898671
170896543,Core,Elemental,16,0.2842179883585959,0.045474878137375344
170896543,Core,Emerald,22,0.2689826364610335,0.05917618002142737
170896543,Core,Glamorous,25,0,0
170896543,Core,Hirsute,12,0.11226666961509875,0.013472000353811851
170896543,Core,Otherworldly,24,0.19114093851015407,0.04587382524243697
170896543,Core,Sacrificial,19,0.104117063558129,0.01978224207604451
170896543,Core,Virtuoso,22,0,0
171262902,Core,Balanced,8,0.14027204718859715,0.011221763775087773
171262902,Core,Bestial,17,0.13237389294900084,0.022503561801330143
171262902,Core,Brawny,13,0.12757027613947464,0.0165841358981317
171262902,Core,Canny,21,0.11947872494761161,0.025090532238998438
171262902,Core,Cerulean,22,0.09494450024091944,0.020887790053002276
171262902,Core,Clutch,17,0.284564913885413,0.04837603536052021
171262902,Core,Coveted,19,0.2855988195241938,0.054263775709596826
171262902,Core,Crimson,6,0.27330732674899905,0.016398439604939943
171262902,Core,Dashing,16,0.6126789517243167,0.09802863227589068
171262902,Core,Elemental,16,0.22064656549061357,0.03530345047849817
171262902,Core,Emerald,22,0.1013320829987638,0.022293058259728035
171262902,Core,Glamorous,25,0.30909596692868446,0.07727399173217112
171262902,Core,Hirsute,12,0.1579797173664361,0.01895756608397233
171262902,Core,Otherworldly,24,0.152749569240421,0.03665989661770104
171262902,Core,Sacrificial,19,0.13121896098822,0.0249316025877618
171262902,Core,Virtuoso,22,0.1765113801014885,0.03883250362232747
173978074,Mid,Balanced,8,0.16109918130732004,0.012887934504585603
173978074,Mid,Bestial,17,0.1019508266405459,0.017331640528892803
173978074,Mid,Brawny,13,0.4114618328426069,0.0534900382695389
173978074,Mid,Canny,21,0.29377555160646374,0.061692865837357384
173978074,Mid,Cerulean,22,0.1798187671270982,0.039560128767961604
173978074,Mid,Clutch,17,0.21449051101991562,0.036463386873385656
173978074,Mid,Coveted,19,0.42036171967241925,0.07986872673775966
173978074,Mid,Crimson,6,0.4055169653810852,0.024331017922865114
173978074,Mid,Dashing,16,0.13366343424360932,0.021386149478977493
173978074,Mid,Elemental,16,0.20593280777241826,0.03294924924358692
173978074,Mid,Emerald,22,0.055386415908482145,0.012185011499866071
173978074,Mid,Glamorous,25,0.06623112441252722,0.016557781103131806
173978074,Mid,Hirsute,12,0.3783271872872566,0.04539926247447079
173978074,Mid,Otherworldly,24,0.19657983693615386,0.047179160864676925
173978074,Mid,Sacrificial,19,0.1349483363877877,0.025640183913679664
173978074,Mid,Virtuoso,22,0.2760992806906929,0.060741841751952436
175311897,Support,Balanced,8,0.2452041638698584,0.01961633310958867
175311897,Support,Bestial,17,0.17390167059947603,0.02956328400191093
175311897,Support,Brawny,13,0.05589779382642865,0.007266713197435725
175311897,Support,Canny,21,0.3150862484011259,0.06616811216423645
175311897,Support,Cerulean,22,0.13376934418312922,0.029429255720288428
175311897,Support,Clutch,17,0.10159562693062116,0.017271256578205597
175311897,Support,Coveted,19,0.12782115945694286,0.024286020296819144
175311897,Support,Crimson,6,0.15901529418417618,0.00954091765105057
175311897,Support,Dashing,16,0.3838117939025871,0.06140988702441393
175311897,Support,Elemental,16,0.04605662247166124,0.007369059595465799
175311897,Support,Emerald,22,0.3235528302146262,0.07118162264721777
175311897,Support,Glamorous,25,0.18556854533624295,0.04639213633406074
175311897,Support,Hirsute,12,0.28673846977041456,0.03440861637244975
175311897,Support,Otherworldly,24,0.027781866407989964,0.006667647937917591
175311897,Support,Sacrificial,19,0.20355145784409254,0.038674776990377586
175311897,Support,Virtuoso,22,0.10470378748136545,0.023034833245900402
177203952,Core,Balanced,8,0.2121506279663758,0.016972050237310063
177203952,Core,Bestial,17,0.030995511221747967,0.0052692369076971545
177203952,Core,Brawny,13,0.5117287321328837,0.06652473517727488
177203952,Core,Canny,21,0,0
177203952,Core,Cerulean,22,0.09677018700777029,0.021289441141709463
177203952,Core,Clutch,17,0.22549335810708152,0.038333870878203856
177203952,Core,Coveted,19,0.15132398300120056,0.028751556770228105
177203952,Core,Crimson,6,0.28740492547628604,0.01724429552857716
177203952,Core,Dashing,16,0.27612063990074054,0.044179302384118484
177203952,Core,Elemental,16,0.2898806775731812,0.04638090841170899
177203952,Core,Emerald,22,0.06492558683222659,0.01428362910308985
177203952,Core,Glamorous,25,0.054405828620723254,0.013601457155180813
177203952,Core,Hirsute,12,0.19887814805209572,0.023865377766251486
177203952,Core,Otherworldly,24,0.030995511221747967,0.007438922693219512
177203952,Core,Sacrificial,19,0.13370066683403295,0.02540312669846626
177203952,Core,Virtuoso,22,0.3253922117269842,0.07158628657993651
179313961,Mid,Balanced,8,0.22297240777595861,0.01783779262207669
179313961,Mid,Bestial,17,0,0
179313961,Mid,Brawny,13,0.49693400967248,0.0646014212574224
179313961,Mid,Canny,21,0.02066460587070942,0.004339567232848978
179313961,Mid,Cerulean,22,0.032608998347388576,0.007173979636425487
179313961,Mid,Clutch,17,0.158600949540353,0.02696216142186001
179313961,Mid,Coveted,19,0.2124426791214627,0.04036410903307791
179313961,Mid,Crimson,6,0.3376146547127029,0.020256879282762173
179313961,Mid,Dashing,16,0.2594289766808519,0.041508636268936305
179313961,Mid,Elemental,16,0.23853988846021804,0.03816638215363489
179313961,Mid,Emerald,22,0.22477415385627042,0.049450313848379494
179313961,Mid,Glamorous,25,0.16998544829881673,0.04249636207470418
179313961,Mid,Hirsute,12,0.16786810660227344,0.02014417279227281
179313961,Mid,Otherworldly,24,0.40856164146822493,0.09805479395237399
179313961,Mid,Sacrificial,19,0.2300337645071045,0.043706415256349856
179313961,Mid,Virtuoso,22,0.14817897680281275,0.03259937489661881
183719386,Core,Balanced,8,0.1693988063408661,0.013551904507269287
183719386,Core,Bestial,17,0.19598568575361158,0.033317566578113966
183719386,Core,Brawny,13,0.5547860227083747,0.07212218295208872
183719386,Core,Canny,21,0.048728313577078575,0.010232945851186502
183719386,Core,Cerulean,22,0.016582674520427033,0.0036481883944939476
183719386,Core,Clutch,17,0.24406035130898288,0.04149025972252709
183719386,Core,Coveted,19,0.346041070171049,0.06574780333249931
183719386,Core,Crimson,6,0.31411434329050386,0.018846860597430234
183719386,Core,Dashing,16,0.2270868573736807,0.03633389717978891
183719386,Core,Elemental,16,0.4341482594257503,0.06946372150812005
183719386,Core,Emerald,22,0.1554079808432875,0.034189755785523246
183719386,Core,Glamorous,25,0.016582674520427033,0.004145668630106758
183719386,Core,Hirsute,12,0.2133077136907867,0.0255969256428944
183719386,Core,Otherworldly,24,0.2692157912837317,0.06461178990809562
183719386,Core,Sacrificial,19,0.13103859116705485,0.02489733232174042
183719386,Core,Virtuoso,22,0.43464066513941513,0.09562094633067134
193815691,Support,Balanced,8,0.4442090941583455,0.035536727532667636
193815691,Support,Bestial,17,0.13791033570838787,0.02344475707042594
193815691,Support,Brawny,13,0.25330245682069336,0.03292931938669014
193815691,Support,Canny,21,0.13615350264184864,0.028592235554788212
193815691,Support,Cerulean,22,0.10833907543291289,0.023834596595240835
193815691,Support,Clutch,17,0.2885771014599938,0.04905810724819895
193815691,Support,Coveted,19,0.06998055975266036,0.01329630635300547
193815691,Support,Crimson,6,0.3419661990960574,0.020517971945763446
193815691,Support,Dashing,16,0.16633494637911259,0.026613591420658014
193815691,Support,Elemental,16,0.09273570133959148,0.014837712214334638
193815691,Support,Emerald,22,0.2592537430838689,0.05703582347845115
193815691,Support,Glamorous,25,0.13615350264184864,0.03403837566046216
193815691,Support,Hirsute,12,0.2644320497006308,0.031731845964075696
193815691,Support,Otherworldly,24,0.021956412574128864,0.005269539017790928
193815691,Support,Sacrificial,19,0.2474461707918194,0.047014772450445684
193815691,Support,Virtuoso,22,0.24050930250258537,0.05291204655056878
193884241,Support,Balanced,8,0.37766479023503907,0.030213183218803126
193884241,Support,Bestial,17,0.14016855140515386,0.023828653738876156
193884241,Support,Brawny,13,0.06755884538051614,0.008782649899467098
193884241,Support,Canny,21,0.3332173544533665,0.06997564443520696
193884241,Support,Cerulean,22,0.13048494015468545,0.0287066868340308
193884241,Support,Clutch,17,0.158600949540353,0.02696216142186001
193884241,Support,Coveted,19,0.0960614197653025,0.018251669755407474
193884241,Support,Crimson,6,0.15873470960480687,0.009524082576288413
193884241,Support,Dashing,16,0.22155900993107835,0.035449441588972536
193884241,Support,Elemental,16,0.06661604974794301,0.010658567959670882
193884241,Support,Emerald,22,0.5161144340045597,0.11354517548100312
193884241,Support,Glamorous,25,0.17816565259405248,0.04454141314851312
193884241,Support,Hirsute,12,0.19160151391226293,0.022992181669471555
193884241,Support,Otherworldly,24,0.12638528981265817,0.03033246955503796
193884241,Support,Sacrificial,19,0.17993972312251838,0.03418854739327849
193884241,Support,Virtuoso,22,0.25528156517744244,0.05616194433903734
196878136,Support,Balanced,8,0.129328864710323,0.01034630917682584
196878136,Support,Bestial,17,0.30901226839447643,0.05253208562706099
196878136,Support,Brawny,13,0.5440888780247718,0.07073155414322034
196878136,Support,Canny,21,0.14525885473900196,0.030504359495190415
196878136,Support,Cerulean,22,0.22167708368570324,0.04876895841085472
196878136,Support,Clutch,17,0.2793836543689101,0.04749522124271472
196878136,Support,Coveted,19,0.05250794620477694,0.009976509778907619
196878136,Support,Crimson,6,0.20129094365208225,0.012077456619124936
196878136,Support,Dashing,16,0.18132340252590332,0.02901174440414453
196878136,Support,Elemental,16,0.05952063219895291,0.009523301151832465
196878136,Support,Emerald,22,0.15251306060457678,0.0335528733330069
196878136,Support,Glamorous,25,0.22937407494274525,0.05734351873568631
196878136,Support,Hirsute,12,0.5781183128159422,0.06937419753791306
196878136,Support,Otherworldly,24,0.22194792649048486,0.053267502357716365
196878136,Support,Sacrificial,19,0.2835502447677134,0.053874546505865546
196878136,Support,Virtuoso,22,0,0
201358612,Mid,Balanced,8,0.2857470263816356,0.02285976211053085
201358612,Mid,Bestial,17,0.07996907815235023,0.01359474328589954
201358612,Mid,Brawny,13,0.2484582874358547,0.032299577366661114
201358612,Mid,Canny,21,0.18739827862763647,0.03935363851180366
201358612,Mid,Cerulean,22,0.14639709407895155,0.03220736069736934
201358612,Mid,Clutch,17,0.19246241875290207,0.03271861118799335
201358612,Mid,Coveted,19,0.5103681612554679,0.0969699506385389
201358612,Mid,Crimson,6,0.5215803461966035,0.03129482077179621
201358612,Mid,Dashing,16,0.27839640755487316,0.044543425208779706
201358612,Mid,Elemental,16,0.28151835265373726,0.04504293642459796
201358612,Mid,Emerald,22,0.007321134817160802,0.0016106496597753763
201358612,Mid,Glamorous,25,0,0
201358612,Mid,Hirsute,12,0.31564785682101454,0.03787774281852174
201358612,Mid,Otherworldly,24,0.4208345897678433,0.1010003015442824
201358612,Mid,Sacrificial,19,0.23075308206163095,0.04384308559170988
201358612,Mid,Virtuoso,22,0,0
207829314,Support,Balanced,8,0.3930584546686158,0.031444676373489265
207829314,Support,Bestial,17,0.07121066216122239,0.012105812567407805
207829314,Support,Brawny,13,0.03228928843520622,0.004197607496576808
207829314,Support,Canny,21,0.2059544167769479,0.04325042752315905
207829314,Support,Cerulean,22,0.056745086044578626,0.012483918929807299
207829314,Support,Clutch,17,0.21449051101991562,0.036463386873385656
207829314,Support,Coveted,19,0.10686430206596212,0.020304217392532804
207829314,Support,Crimson,6,0.36609030303707196,0.02196541818222432
207829314,Support,Dashing,16,0.36869784011923024,0.05899165441907684
207829314,Support,Elemental,16,0.03285528916133636,0.005256846265813817
207829314,Support,Emerald,22,0.1349840473834593,0.029696490424361045
207829314,Support,Glamorous,25,0.021111935167431605,0.005277983791857901
207829314,Support,Hirsute,12,0.4459899508058256,0.053518794096699074
207829314,Support,Otherworldly,24,0.0975150152851604,0.0234036036684385
207829314,Support,Sacrificial,19,0.17473397352461903,0.03319945496967762
207829314,Support,Virtuoso,22,0,0
210053851,Mid,Balanced,8,0.1710560315201114,0.013684482521608912
210053851,Mid,Bestial,17,0.08722726421995644,0.014828634917392596
210053851,Mid,Brawny,13,0.1532466653885833,0.01992206650051583
210053851,Mid,Canny,21,0.4669750482620179,0.09806476013502376
210053851,Mid,Cerulean,22,0.3157073859838497,0.06945562491644693
210053851,Mid,Clutch,17,0.2885771014599938,0.04905810724819895
210053851,Mid,Coveted,19,0.3299408270086641,0.06268875713164618
210053851,Mid,Crimson,6,0.30718620452635137,0.018431172271581083
210053851,Mid,Dashing,16,0.20872225482928744,0.03339556077268599
210053851,Mid,Elemental,16,0.26968633794516766,0.043149814071226825
210053851,Mid,Emerald,22,0.09648459929557666,0.021226611845026867
210053851,Mid,Glamorous,25,0.11228542739096664,0.02807135684774166
210053851,Mid,Hirsute,12,0.4363843612527217,0.0523661233503266
210053851,Mid,Otherworldly,24,0.4281895397546682,0.10276548954112037
210053851,Mid,Sacrificial,19,0.21060963495265506,0.04001583064100446
210053851,Mid,Virtuoso,22,0.11139538264791941,0.024506984182542272
221666230,Mid,Balanced,8,0.3432791381529896,0.027462331052239167
221666230,Mid,Bestial,17,0.12756403881627568,0.021685886598766864
221666230,Mid,Brawny,13,0.06089093673532163,0.007915821775591811
221666230,Mid,Canny,21,0.20533095253994024,0.04311950003338745
221666230,Mid,Cerulean,22,0.16719809874473793,0.03678358172384234
221666230,Mid,Clutch,17,0.27944697900771676,0.04750598643131185
221666230,Mid,Coveted,19,0.5445577207693588,0.10346596694617817
221666230,Mid,Crimson,6,0.3234930903763426,0.019409585422580554
221666230,Mid,Dashing,16,0.39049897257174854,0.06247983561147977
221666230,Mid,Elemental,16,0.27517065837885735,0.044027305340617176
221666230,Mid,Emerald,22,0.12895547950175476,0.028370205490386047
221666230,Mid,Glamorous,25,0.05780225073681517,0.014450562684203794
221666230,Mid,Hirsute,12,0.36895047662785563,0.04427405719534267
221666230,Mid,Otherworldly,24,0.2571858111223721,0.0617245946693693
221666230,Mid,Sacrificial,19,0.09345384747445167,0.017756231020145816
221666230,Mid,Virtuoso,22,0.6240825407227059,0.1372981589589953
249835593,Support,Balanced,8,0.4904726019400624,0.039237808155204994
249835593,Support,Bestial,17,0.4199451244515144,0.07139067115675744
249835593,Support,Brawny,13,0.21098452545073546,0.027427988308595608
249835593,Support,Canny,21,0.2985428726092021,0.06269400324793244
249835593,Support,Cerulean,22,0.29485416574798806,0.06486791646455738
249835593,Support,Clutch,17,0.158600949540353,0.02696216142186001
249835593,Support,Coveted,19,0.020123363248212137,0.0038234390171603063
249835593,Support,Crimson,6,0.43061683872285994,0.025837010323371597
249835593,Support,Dashing,16,0,0
249835593,Support,Elemental,16,0.5534931228796452,0.08855889966074323
249835593,Support,Emerald,22,0.17688511382494201,0.03891472504148724
249835593,Support,Glamorous,25,0,0
249835593,Support,Hirsute,12,0.045593323955907046,0.005471198874708846
249835593,Support,Otherworldly,24,0,0
249835593,Support,Sacrificial,19,0.2976752448935309,0.056558296529770874
249835593,Support,Virtuoso,22,0,0
256156323,Support,Balanced,8,0.2721059790010841,0.021768478320086725
256156323,Support,Bestial,17,0.1734429068252785,0.029485294160297344
256156323,Support,Brawny,13,0.07212823762769373,0.009376670891600184
256156323,Support,Canny,21,0.32351941680371105,0.06793907752877933
256156323,Support,Cerulean,22,0.12307270840683948,0.027075995849504687
256156323,Support,Clutch,17,0.1588601220594819,0.027006220750111925
256156323,Support,Coveted,19,0.1342883446586317,0.025514785485140027
256156323,Support,Crimson,6,0.3836638067508423,0.023019828405050537
256156323,Support,Dashing,16,0.3322463665675111,0.05315941865080178
256156323,Support,Elemental,16,0.16239283254085402,0.025982853206536642
256156323,Support,Emerald,22,0.398798674894062,0.08773570847669364
256156323,Support,Glamorous,25,0.0714984521953181,0.017874613048829525
256156323,Support,Hirsute,12,0.4554749709674312,0.054656996516091745
256156323,Support,Otherworldly,24,0.08434515797658178,0.020242837914379627
256156323,Support,Sacrificial,19,0.1690516751647344,0.032119818281299534
256156323,Support,Virtuoso,22,0.08875275352544247,0.019525605775597345
293904640,Support,Balanced,8,0.41903939023704495,0.0335231512189636
293904640,Support,Bestial,17,0.4262408103008225,0.07246093775113983
293904640,Support,Brawny,13,0.23568472593722087,0.030639014371838712
293904640,Support,Canny,21,0.3452758838257342,0.07250793560340418
293904640,Support,Cerulean,22,0.3345813629715048,0.07360789985373106
293904640,Support,Clutch,17,0.20933426669649435,0.03558682533840404
293904640,Support,Coveted,19,0.0512699417769485,0.009741288937620215
293904640,Support,Crimson,6,0.4141374409989107,0.024848246459934643
293904640,Support,Dashing,16,0,0
293904640,Support,Elemental,16,0.3320421014381529,0.053126736230104464
293904640,Support,Emerald,22,0.19472430362408774,0.0428393467972993
293904640,Support,Glamorous,25,0,0
293904640,Support,Hirsute,12,0.13961589691227289,0.016753907629472747
293904640,Support,Otherworldly,24,0.07727155166284609,0.01854517239908306
293904640,Support,Sacrificial,19,0.1316640511598235,0.025016169720366462
293904640,Support,Virtuoso,22,0,0
301750126,Mid,Balanced,8,0.1919576378023008,0.015356611024184064
301750126,Mid,Bestial,17,0.21485554475922036,0.03652544260906746
301750126,Mid,Brawny,13,0.12218945488027126,0.015884629134435266
301750126,Mid,Canny,21,0.2362704200442495,0.04961678820929239
301750126,Mid,Cerulean,22,0.21958109826744765,0.04830784161883848
301750126,Mid,Clutch,17,0.21950834537685196,0.03731641871406483
301750126,Mid,Coveted,19,0.3106988282563928,0.05903277736871462
301750126,Mid,Crimson,6,0.5823851103033224,0.03494310661819935
301750126,Mid,Dashing,16,0.4495824872731785,0.07193319796370856
301750126,Mid,Elemental,16,0.3281767376445322,0.05250827802312515
301750126,Mid,Emerald,22,0.15369499707119214,0.03381289935566227
301750126,Mid,Glamorous,25,0.20522497999015207,0.05130624499753802
301750126,Mid,Hirsute,12,0.08521448836778624,0.010225738604134348
301750126,Mid,Otherworldly,24,0.41781091762532313,0.10027462023007755
301750126,Mid,Sacrificial,19,0.06821930469576182,0.012961667892194747
301750126,Mid,Virtuoso,22,0.683931373383023,0.15046490214426506
302214028,Core,Balanced,8,0.3633840456678513,0.029070723653428106
302214028,Core,Bestial,17,0.3376982201795593,0.05740869743052508
302214028,Core,Brawny,13,0.6306423168487023,0.08198350119033129
302214028,Core,Canny,21,0,0
302214028,Core,Cerulean,22,0.031798727355753155,0.006995720018265694
302214028,Core,Clutch,17,0.1588601220594819,0.027006220750111925
302214028,Core,Coveted,19,0.2950799525566524,0.056065190985763964
302214028,Core,Crimson,6,0.3487602954936542,0.020925617729619254
302214028,Core,Dashing,16,0.0059736374834462504,9.557819973514001e-4
302214028,Core,Elemental,16,0.25851082425413807,0.04136173188066209
302214028,Core,Emerald,22,0.06397641827067324,0.014074812019548112
302214028,Core,Glamorous,25,0.0059736374834462504,0.0014934093708615626
302214028,Core,Hirsute,12,0.4507498594203506,0.05408998313044208
302214028,Core,Otherworldly,24,0.07934544318578662,0.019042906364588788
302214028,Core,Sacrificial,19,0.15188501861766965,0.028858153537357233
302214028,Core,Virtuoso,22,0.029501455441979844,0.006490320197235566
312436974,Mid,Balanced,8,0.45100731067314986,0.03608058485385199
312436974,Mid,Bestial,17,0,0
312436974,Mid,Brawny,13,0.30033399971362956,0.039043419962771844
312436974,Mid,Canny,21,0.05124923508946538,0.01076233936878773
312436974,Mid,Cerulean,22,0.05124923508946538,0.011274831719682384
312436974,Mid,Clutch,17,0.10159562693062116,0.017271256578205597
312436974,Mid,Coveted,19,0.39022241553737863,0.07414225895210194
312436974,Mid,Crimson,6,0.5085099378923328,0.030510596273539966
312436974,Mid,Dashing,16,0.19740945452375522,0.031585512723800835
312436974,Mid,Elemental,16,0.2615970186205772,0.041855522979292355
312436974,Mid,Emerald,22,0.16772131219900924,0.03689868868378203
312436974,Mid,Glamorous,25,0.16738922458980754,0.041847306147451885
312436974,Mid,Hirsute,12,0.41555607382865,0.049866728859438006
312436974,Mid,Otherworldly,24,0.2692983517662326,0.06463160442389583
312436974,Mid,Sacrificial,19,0.11584483099768066,0.022010517889559326
312436974,Mid,Virtuoso,22,0,0
317880638,Support,Balanced,8,0.2283743096157503,0.018269944769260024
317880638,Support,Bestial,17,0,0
317880638,Support,Brawny,13,0.0437329800150423,0.005685287401955499
317880638,Support,Canny,21,0.6176761032862622,0.12971198169011505
317880638,Support,Cerulean,22,0.046669394795656204,0.010267266855044366
317880638,Support,Clutch,17,0.2610268748337888,0.04437456872174409
317880638,Support,Coveted,19,0.00856590024721694,0.0016275210469712184
317880638,Support,Crimson,6,0.3239551016620885,0.019437306099725313
317880638,Support,Dashing,16,0.11021660708294517,0.01763465713327123
317880638,Support,Elemental,16,0.2631334893718034,0.04210135829948855
317880638,Support,Emerald,22,0.18188125349478634,0.040013875768853
317880638,Support,Glamorous,25,0.024995251616184978,0.006248812904046244
317880638,Support,Hirsute,12,0.48148688936313394,0.057778426723576075
317880638,Support,Otherworldly,24,0.5090891692389965,0.12218140061735916
317880638,Support,Sacrificial,19,0.06460874926462125,0.012275662360278036
317880638,Support,Virtuoso,22,0.6404064830718925,0.14088942627581635
321580662,Core,Balanced,8,0.12380403779496636,0.00990432302359731
321580662,Core,Bestial,17,0.16971101048467455,0.02885087178239467
321580662,Core,Brawny,13,0.2165765900689627,0.028154956708965152
321580662,Core,Canny,21,0.07812128899659505,0.01640547068928496
321580662,Core,Cerulean,22,0.08931677923341795,0.01964969143135195
321580662,Core,Clutch,17,0.1588601220594819,0.027006220750111925
321580662,Core,Coveted,19,0.17301864179213033,0.032873541940504764
321580662,Core,Crimson,6,0.3049788280158277,0.018298729680949664
321580662,Core,Dashing,16,0.5814980831394758,0.09303969330231614
321580662,Core,Elemental,16,0.3097360368189217,0.04955776589102747
321580662,Core,Emerald,22,0.15459015673941856,0.034009834482672086
321580662,Core,Glamorous,25,0.16909033642449287,0.042272584106123216
321580662,Core,Hirsute,12,0.14047775291713907,0.01685733035005669
321580662,Core,Otherworldly,24,0.22109198874593672,0.05306207729902481
321580662,Core,Sacrificial,19,0.19606613036004356,0.037252564768408276
321580662,Core,Virtuoso,22,0.22403640089953428,0.04928800819789754
330534326,Core,Balanced,8,0.20125864841528335,0.016100691873222668
330534326,Core,Bestial,17,0,0
330534326,Core,Brawny,13,0.21899940063011084,0.028469922081914407
330534326,Core,Canny,21,0,0
330534326,Core,Cerulean,22,0.22933816683361347,0.05045439670339496
330534326,Core,Clutch,17,0.20933426669649435,0.03558682533840404
330534326,Core,Coveted,19,0.30412641941570173,0.05778401968898333
330534326,Core,Crimson,6,0.20834982879405908,0.012500989727643545
330534326,Core,Dashing,16,0.5797419509546059,0.09275871215273694
330534326,Core,Elemental,16,0.17443364540622583,0.027909383264996132
330534326,Core,Emerald,22,0.09665003266849731,0.021263007187069406
330534326,Core,Glamorous,25,0.10146621491211726,0.025366553728029314
330534326,Core,Hirsute,12,0.03081276354082126,0.0036975316248985513
330534326,Core,Otherworldly,24,0.08871258772243698,0.021291021053384877
330534326,Core,Sacrificial,19,0.15613907063860286,0.02966642342133454
330534326,Core,Virtuoso,22,0.03081276354082126,0.0067788079789806764
331855530,Core,Balanced,8,0.21618527131064702,0.017294821704851762
331855530,Core,Bestial,17,0.038552835457494654,0.006553982027774091
331855530,Core,Brawny,13,0.32718067962204306,0.042533488350865595
331855530,Core,Canny,21,0.08257813927385681,0.017341409247509928
331855530,Core,Cerulean,22,0.1038776365231693,0.022853080035097246
331855530,Core,Clutch,17,0.30500604920657276,0.05185102836511737
331855530,Core,Coveted,19,0.24624692597678755,0.04678691593558963
331855530,Core,Crimson,6,0.4355372581224208,0.026132235487345244
331855530,Core,Dashing,16,0.3740559097934532,0.05984894556695251
331855530,Core,Elemental,16,0.3071087965560191,0.049137407448963055
331855530,Core,Emerald,22,0.08973780499343574,0.019742317098555864
331855530,Core,Glamorous,25,0.2734773382371479,0.06836933455928698
331855530,Core,Hirsute,12,0.09095761543408999,0.010914913852090799
331855530,Core,Otherworldly,24,0.04776251271476314,0.011463003051543153
331855530,Core,Sacrificial,19,0.17279120120146194,0.03283032822827777
331855530,Core,Virtuoso,22,0.0726089623120082,0.0159739717086418
349310876,Support,Balanced,8,0.38710415332746323,0.03096833226619706
349310876,Support,Bestial,17,0.40469940371774377,0.06879889863201644
349310876,Support,Brawny,13,0.1952797666191075,0.025386369660483975
349310876,Support,Canny,21,0.38985566885051176,0.08186969045860748
349310876,Support,Cerulean,22,0.19491887483155124,0.042882152462941275
349310876,Support,Clutch,17,0.1933350935931064,0.03286696591082809
349310876,Support,Coveted,19,0,0
349310876,Support,Crimson,6,0.43855147791648486,0.02631308867498909
349310876,Support,Dashing,16,0.027760411202917456,0.004441665792466793
349310876,Support,Elemental,16,0.35373117559810374,0.0565969880956966
349310876,Support,Emerald,22,0.1874012856841417,0.04122828285051117
349310876,Support,Glamorous,25,0.11714096661862969,0.029285241654657422
349310876,Support,Hirsute,12,0.07391002346748388,0.008869202816098066
349310876,Support,Otherworldly,24,0.03754175401307507,0.009010020963138016
349310876,Support,Sacrificial,19,0.24766134066909823,0.047055654727128665
349310876,Support,Virtuoso,22,0.0870122236502144,0.019142689203047167
375507918,Core,Balanced,8,0.16613659172402687,0.01329092733792215
375507918,Core,Bestial,17,0.016043335604898366,0.002727367052832722
375507918,Core,Brawny,13,0.024959669978085415,0.003244757097151104
375507918,Core,Canny,21,0,0
375507918,Core,Cerulean,22,0.1007784290940832,0.022171254400698306
375507918,Core,Clutch,17,0.2885771014599938,0.04905810724819895
375507918,Core,Coveted,19,0.3142555379136977,0.05970855220360256
375507918,Core,Crimson,6,0.14448718150865053,0.008669230890519032
375507918,Core,Dashing,16,0.8089037382978878,0.12942459812766205
375507918,Core,Elemental,16,0.13489281419437174,0.021582850271099477
375507918,Core,Emerald,22,0.17544519050502125,0.038597941911104675
375507918,Core,Glamorous,25,0.3236536357681997,0.08091340894204993
375507918,Core,Hirsute,12,0.2400755247889157,0.028809062974669883
375507918,Core,Otherworldly,24,0.10572832509089639,0.025374798021815134
375507918,Core,Sacrificial,19,0.1856612838660358,0.0352756439345468
375507918,Core,Virtuoso,22,0.33229028390063403,0.07310386245813949
425588742,Core,Balanced,8,0.06363186801470852,0.005090549441176682
425588742,Core,Bestial,17,0.10691450337793412,0.018175465574248803
425588742,Core,Brawny,13,0.19141424258914994,0.024883851536589494
425588742,Core,Canny,21,0.2451983795940387,0.051491659714748124
425588742,Core,Cerulean,22,0.2571500532400196,0.05657301171280431
425588742,Core,Clutch,17,0.1933350935931064,0.03286696591082809
425588742,Core,Coveted,19,0.31478345747880115,0.05980885692097222
425588742,Core,Crimson,6,0.30692913973727903,0.018415748384236742
425588742,Core,Dashing,16,0.49975550980210276,0.07996088156833644
425588742,Core,Elemental,16,0.3913678173861095,0.06261885078177752
425588742,Core,Emerald,22,0.22933074216319538,0.050452763275902986
425588742,Core,Glamorous,25,0.05299856987410897,0.013249642468527244
425588742,Core,Hirsute,12,0.11021360253124018,0.013225632303748822
425588742,Core,Otherworldly,24,0.2574364390378776,0.06178474536909063
425588742,Core,Sacrificial,19,0.1060230226349982,0.020144374300649658
425588742,Core,Virtuoso,22,0,0
431770905,Support,Balanced,8,0.4577333299308714,0.036618666394469715
431770905,Support,Bestial,17,0.4015287627944877,0.06825988967506291
431770905,Support,Brawny,13,0.1436877822309214,0.018679411690019784
431770905,Support,Canny,21,0.34059509957732254,0.07152497091123773
431770905,Support,Cerulean,22,0.23134910410052945,0.050896802902116484
431770905,Support,Clutch,17,0.2610268748337888,0.04437456872174409
431770905,Support,Coveted,19,0.055315766168820224,0.010509995572075843
431770905,Support,Crimson,6,0.3658257096377987,0.02194954257826792
431770905,Support,Dashing,16,0.05798378826088462,0.009277406121741539
431770905,Support,Elemental,16,0.19635483452152563,0.0314167735234441
431770905,Support,Emerald,22,0.13177790837768888,0.028991139843091554
431770905,Support,Glamorous,25,0.007450112902843358,0.0018625282257108398
431770905,Support,Hirsute,12,0.13177790837768888,0.015813349005322667
431770905,Support,Otherworldly,24,0.12106431888101676,0.029055436531444025
431770905,Support,Sacrificial,19,0.21996993220890768,0.04179428711969246
431770905,Support,Virtuoso,22,0,0
480412663,Mid,Balanced,8,0.32575117735843123,0.0260600941886745
480412663,Mid,Bestial,17,0.19411533279111504,0.032999606574489554
480412663,Mid,Brawny,13,0.2700208654850131,0.0351027125130517
480412663,Mid,Canny,21,0.2807300557229156,0.058953311701812276
480412663,Mid,Cerulean,22,0.20048133276292449,0.04410589320784339
480412663,Mid,Clutch,17,0.2610268748337888,0.04437456872174409
480412663,Mid,Coveted,19,0.5020983359237434,0.09539868382551125
480412663,Mid,Crimson,6,0.3081001274752285,0.01848600764851371
480412663,Mid,Dashing,16,0.12349790143364006,0.01975966422938241
480412663,Mid,Elemental,16,0.25299095666083127,0.040478553065733
480412663,Mid,Emerald,22,0.16403694771676755,0.03608812849768886
480412663,Mid,Glamorous,25,0.28073949918705216,0.07018487479676304
480412663,Mid,Hirsute,12,0.23554795722957347,0.028265754867548818
480412663,Mid,Otherworldly,24,0.30744636936034914,0.07378712864648379
480412663,Mid,Sacrificial,19,0.30753612766475497,0.058431864256303444
480412663,Mid,Virtuoso,22,0.024963594240242866,0.00549199073285343
898455820,Mid,Balanced,8,0.3215786217711467,0.025726289741691735
898455820,Mid,Bestial,17,0.12118245897243118,0.020601018025313302
898455820,Mid,Brawny,13,0.40015845445717757,0.052020599079433086
898455820,Mid,Canny,21,0.13472130800312687,0.028291474680656643
898455820,Mid,Cerulean,22,0.11011821444509742,0.024226007177921432
898455820,Mid,Clutch,17,0.24617355506332061,0.041849504360764504
898455820,Mid,Coveted,19,0.359366982256663,0.06827972662876597
898455820,Mid,Crimson,6,0.409241996104706,0.02455451976628236
898455820,Mid,Dashing,16,0.14354161576854893,0.02296665852296783
898455820,Mid,Elemental,16,0.14951699339556854,0.023922718943290965
898455820,Mid,Emerald,22,0.13934000315352077,0.030654800693774572
898455820,Mid,Glamorous,25,0.08899713417728297,0.022249283544320743
898455820,Mid,Hirsute,12,0.29575161759199114,0.03549019411103894
898455820,Mid,Otherworldly,24,0.0063588153241114324,0.0015261156777867438
898455820,Mid,Sacrificial,19,0.31280799781767066,0.05943351958535742
898455820,Mid,Virtuoso,22,0.6751042611970256,0.14852293746334563
898754153,Core,Balanced,8,0.052948678114565835,0.004235894249165267
898754153,Core,Bestial,17,0.10423880575806256,0.017720596978870636
898754153,Core,Brawny,13,0.16767096624744277,0.02179722561216756
898754153,Core,Canny,21,0.11798829495805153,0.02477754194119082
898754153,Core,Cerulean,22,0.22401030959202298,0.04928226811024506
898754153,Core,Clutch,17,0.22874452627537165,0.03888656946681318
898754153,Core,Coveted,19,0.326756502695111,0.06208373551207108
898754153,Core,Crimson,6,0.38188195111566375,0.022912917066939827
898754153,Core,Dashing,16,0.6613920606799399,0.10582272970879039
898754153,Core,Elemental,16,0.3141663084656848,0.050266609354509564
898754153,Core,Emerald,22,0.05742129821860867,0.012632685608093908
898754153,Core,Glamorous,25,0.2539323393991882,0.06348308484979705
898754153,Core,Hirsute,12,0.11264145295206321,0.013516974354247585
898754153,Core,Otherworldly,24,0.21431194005202267,0.05143486561248544
898754153,Core,Sacrificial,19,0.08177725164417039,0.015537677812392374
898754153,Core,Virtuoso,22,0.3342631894600987,0.0735379016812217
904131336,Core,Balanced,8,0.2749901447380598,0.021999211579044785
904131336,Core,Bestial,17,0.053307803801330246,0.009062326646226143
904131336,Core,Brawny,13,0.17030345675171668,0.022139449377723167
904131336,Core,Canny,21,0.07698051744129861,0.016165908662672708
904131336,Core,Cerulean,22,0.11516743077749084,0.02533683477104798
904131336,Core,Clutch,17,0.10159562693062116,0.017271256578205597
904131336,Core,Coveted,19,0.284982718160566,0.05414671645050753
904131336,Core,Crimson,6,0.2783751068031842,0.016702506408191053
904131336,Core,Dashing,16,0.47772588106892494,0.076436140971028
904131336,Core,Elemental,16,0.1888754177914346,0.030220066846629538
904131336,Core,Emerald,22,0.31277957038404747,0.06881150548449044
904131336,Core,Glamorous,25,0.20338719426272384,0.05084679856568096
904131336,Core,Hirsute,12,0.09516994019588725,0.01142039282350647
904131336,Core,Otherworldly,24,0.14257844141926462,0.03421882594062351
904131336,Core,Sacrificial,19,0.3104122508801933,0.058978327667236735
904131336,Core,Virtuoso,22,0.07068776756635574,0.015551308864598263
1031547092,Support,Balanced,8,0.4163509509650855,0.033308076077206844
1031547092,Support,Bestial,17,0.0885763495349439,0.015057979420940462
1031547092,Support,Brawny,13,0.07165597585639197,0.009315276861330955
1031547092,Support,Canny,21,0.31896363233205655,0.06698236278973187
1031547092,Support,Cerulean,22,0.07000547754565749,0.015401205060044647
1031547092,Support,Clutch,17,0.1933350935931064,0.03286696591082809
1031547092,Support,Coveted,19,0.040206072596059794,0.0076391537932513605
1031547092,Support,Crimson,6,0.3584001810379074,0.021504010862274443
1031547092,Support,Dashing,16,0.19302944084646595,0.030884710535434554
1031547092,Support,Elemental,16,0.2743110251561396,0.04388976402498233
1031547092,Support,Emerald,22,0.25218204902061114,0.055480050784534454
1031547092,Support,Glamorous,25,0.07040172496911778,0.017600431242279446
1031547092,Support,Hirsute,12,0.16239480933940326,0.01948737712072839
1031547092,Support,Otherworldly,24,0.0732656503266791,0.017583756078402984
1031547092,Support,Sacrificial,19,0.06928196838257028,0.013163573992688353
1031547092,Support,Virtuoso,22,0,0
