player_id,player_role,suffix_name,suffix_bonus,suffix_prob,effective_bonus
10366616,Support,of the Ant,17,0.2153927056115057,0.03661675995395597
10366616,Support,of the Bull,21,0.0693536387978784,0.014564264147554464
10366616,Support,of the Mule,24,0.03905084060947202,0.009372201746273285
10366616,Support,of the Octopus,10,0.6164562699276461,0.06164562699276461
10366616,Support,of the Raven,23,0,0
10366616,Support,the Accomplice,16,0.2574618196917418,0.04119389115067869
10366616,Support,the Decisive,21,0.08040488135864657,0.01688502508531578
10366616,Support,the Divine Thief,23,0,0
10366616,Support,the Even-Keeled,25,0,0
10366616,Support,the Flayed Twins Acolyte,5,0.12503199904754358,0.006251599952377179
10366616,Support,the Loquacious,16,0,0
10366616,Support,the Nothl Pilgrim,15,0.17968704544351954,0.02695305681652793
10366616,Support,the Pacifist,18,0.2111312342118845,0.03800362215813921
10366616,Support,the Patient,22,0,0
10366616,Support,the Tormented,20,0.0809282210582904,0.01618564421165808
10366616,Support,the Underdog,8,0.3723697803352316,0.029789582426818527
16497807,Support,of the Ant,17,0.10632035913271222,0.018074461052561077
16497807,Support,of the Bull,21,0.05716487741983571,0.0120046242581655
16497807,Support,of the Mule,24,0.036835448243795636,0.008840507578510952
16497807,Support,of the Octopus,10,0.4769242454577351,0.047692424545773514
16497807,Support,of the Raven,23,0.06962002981698746,0.016012606857907116
16497807,Support,the Accomplice,16,0.19011163904035208,0.03041786224645633
16497807,Support,the Decisive,21,0.17363502001034403,0.03646335420217225
16497807,Support,the Divine Thief,23,0,0
16497807,Support,the Even-Keeled,25,0,0
16497807,Support,the Flayed Twins Acolyte,5,0.1446512457419779,0.0072325622870988955
16497807,Support,the Loquacious,16,0,0
16497807,Support,the Nothl Pilgrim,15,0.1296202666074029,0.019443039991110432
16497807,Support,the Pacifist,18,0.013250961421270213,0.0023851730558286386
16497807,Support,the Patient,22,0,0
16497807,Support,the Tormented,20,0.0389087622853638,0.00778175245707276
16497807,Support,the Underdog,8,0.38737845714688174,0.03099027657175054
25907144,Support,of the Ant,17,0.15697707472372588,0.0266861027030334
25907144,Support,of the Bull,21,0.015926406313243564,0.0033445453257811486
25907144,Support,of the Mule,24,0.12966022541011146,0.03111845409842675
25907144,Support,of the Octopus,10,0.619758195782224,0.06197581957822241
25907144,Support,of the Raven,23,0,0
25907144,Support,the Accomplice,16,0.3238916657969566,0.05182266652751306
25907144,Support,the Decisive,21,0.08040488135864657,0.01688502508531578
25907144,Support,the Divine Thief,23,0,0
25907144,Support,the Even-Keeled,25,0,0
25907144,Support,the Flayed Twins Acolyte,5,0.12503199904754358,0.006251599952377179
25907144,Support,the Loquacious,16,0,0
25907144,Support,the Nothl Pilgrim,15,0.06090561129786862,0.009135841694680293
25907144,Support,the Pacifist,18,0.053895586089494116,0.009701205496108941
25907144,Support,the Patient,22,0,0
25907144,Support,the Tormented,20,0.0809282210582904,0.01618564421165808
25907144,Support,the Underdog,8,0.3723697803352316,0.029789582426818527
54580962,Support,of the Ant,17,0.22461598683683315,0.038184717762261636
54580962,Support,of the Bull,21,0.1211173192211423,0.025434637036439885
54580962,Support,of the Mule,24,0.08248392211138583,0.0197961413067326
54580962,Support,of the Octopus,10,0.6574709197357823,0.06574709197357823
54580962,Support,of the Raven,23,0.011375768436449565,0.0026164267403834002
54580962,Support,the Accomplice,16,0.2640620229968689,0.04224992367949902
54580962,Support,the Decisive,21,0.10646102470996006,0.022356815189091616
54580962,Support,the Divine Thief,23,0.017675962914436228,0.004065471470320332
54580962,Support,the Even-Keeled,25,0,0
54580962,Support,the Flayed Twins Acolyte,5,0.1266783912803933,0.006333919564019665
54580962,Support,the Loquacious,16,0,0
54580962,Support,the Nothl Pilgrim,15,0.08930486566844979,0.013395729850267468
54580962,Support,the Pacifist,18,0.13216123648169584,0.02378902256670525
54580962,Support,the Patient,22,0,0
54580962,Support,the Tormented,20,0.015781685945406874,0.003156337189081375
54580962,Support,the Underdog,8,0.4178004292081413,0.0334240343366513
56351509,Core,of the Ant,17,0,0
56351509,Core,of the Bull,21,0.04303971132301622,0.009038339377833406
56351509,Core,of the Mule,24,0,0
56351509,Core,of the Octopus,10,0.8078572205641992,0.08078572205641991
56351509,Core,of the Raven,23,0,0
56351509,Core,the Accomplice,16,0.11584852841109244,0.01853576454577479
56351509,Core,the Decisive,21,0.09199187183167598,0.019318293084651956
56351509,Core,the Divine Thief,23,0.007156851951629171,0.0016460759488747092
56351509,Core,the Even-Keeled,25,0,0
56351509,Core,the Flayed Twins Acolyte,5,0.22222970667634756,0.011111485333817379
56351509,Core,the Loquacious,16,0,0
56351509,Core,the Nothl Pilgrim,15,0.032080718023052,0.004812107703457799
56351509,Core,the Pacifist,18,0.04149560792215105,0.007469209425987189
56351509,Core,the Patient,22,0,0
56351509,Core,the Tormented,20,0.019870719226192136,0.003974143845238427
56351509,Core,the Underdog,8,0.42065446694195785,0.03365235735535663
77490514,Support,of the Ant,17,0.2256157905287062,0.03835468438988006
77490514,Support,of the Bull,21,0.11374059497419128,0.02388552494458017
77490514,Support,of the Mule,24,0.06638422571692652,0.015932214172062364
77490514,Support,of the Octopus,10,0.6812996445418131,0.0681299644541813
77490514,Support,of the Raven,23,0.011375768436449565,0.0026164267403834002
77490514,Support,the Accomplice,16,0.23925639973061943,0.03828102395689911
77490514,Support,the Decisive,21,0.10646102470996006,0.022356815189091616
77490514,Support,the Divine Thief,23,0.017675962914436228,0.004065471470320332
77490514,Support,the Even-Keeled,25,0,0
77490514,Support,the Flayed Twins Acolyte,5,0.1266783912803933,0.006333919564019665
77490514,Support,the Loquacious,16,0.02094109397873324,0.0033505750365973187
77490514,Support,the Nothl Pilgrim,15,0.21762575910552034,0.03264386386582805
77490514,Support,the Pacifist,18,0.023303570117201224,0.00419464262109622
77490514,Support,the Patient,22,0,0
77490514,Support,the Tormented,20,0.015781685945406874,0.003156337189081375
77490514,Support,the Underdog,8,0.4178004292081413,0.0334240343366513
81306398,Support,of the Ant,17,0.16904029050429512,0.02873684938573017
81306398,Support,of the Bull,21,0.04170497354963659,0.008758044445423685
81306398,Support,of the Mule,24,0,0
81306398,Support,of the Octopus,10,0.5423918116387787,0.05423918116387787
81306398,Support,of the Raven,23,0,0
81306398,Support,the Accomplice,16,0.27333609498844147,0.04373377519815064
81306398,Support,the Decisive,21,0.09216455290060825,0.019354556109127733
81306398,Support,the Divine Thief,23,0.05098023134883231,0.011725453210231431
81306398,Support,the Even-Keeled,25,0,0
81306398,Support,the Flayed Twins Acolyte,5,0.03744829763223508,0.0018724148816117543
81306398,Support,the Loquacious,16,0.2482323577247319,0.03971717723595711
81306398,Support,the Nothl Pilgrim,15,0.2134638918967938,0.03201958378451907
81306398,Support,the Pacifist,18,0.14090276165593754,0.025362497098068756
81306398,Support,the Patient,22,0,0
81306398,Support,the Tormented,20,0.02711450023198815,0.005422900046397629
81306398,Support,the Underdog,8,0.48997925870837816,0.039198340696670254
86698277,Core,of the Ant,17,0,0
86698277,Core,of the Bull,21,0.03425887914261573,0.007194364619949304
86698277,Core,of the Mule,24,0.006179624982875431,0.0014831099958901035
86698277,Core,of the Octopus,10,0.828744098759104,0.0828744098759104
86698277,Core,of the Raven,23,0.011375768436449565,0.0026164267403834002
86698277,Core,the Accomplice,16,0.1315933393015326,0.021054934288245217
86698277,Core,the Decisive,21,0.10646102470996006,0.022356815189091616
86698277,Core,the Divine Thief,23,0.017675962914436228,0.004065471470320332
86698277,Core,the Even-Keeled,25,0,0
86698277,Core,the Flayed Twins Acolyte,5,0.1266783912803933,0.006333919564019665
86698277,Core,the Loquacious,16,0,0
86698277,Core,the Nothl Pilgrim,15,0.23149916815193136,0.034724875222789706
86698277,Core,the Pacifist,18,0.020208856009132765,0.003637594081643898
86698277,Core,the Patient,22,0,0
86698277,Core,the Tormented,20,0.015781685945406874,0.003156337189081375
86698277,Core,the Underdog,8,0.4178004292081413,0.0334240343366513
87063175,Support,of the Ant,17,0.14886366510310273,0.025306823067527465
87063175,Support,of the Bull,21,0.052720175350792035,0.011071236823666328
87063175,Support,of the Mule,24,0.01285362987678193,0.003084871170427663
87063175,Support,of the Octopus,10,0.5385717966249763,0.05385717966249763
87063175,Support,of the Raven,23,0,0
87063175,Support,the Accomplice,16,0.2561372451711725,0.04098195922738759
87063175,Support,the Decisive,21,0.10146493224273176,0.02130763577097367
87063175,Support,the Divine Thief,23,0.04874795809477168,0.011212030361797486
87063175,Support,the Even-Keeled,25,0,0
87063175,Support,the Flayed Twins Acolyte,5,0.03644153961810068,0.0018220769809050338
87063175,Support,the Loquacious,16,0.1544221498723096,0.024707543979569535
87063175,Support,the Nothl Pilgrim,15,0.06598097910030629,0.009897146865045942
87063175,Support,the Pacifist,18,0.1263121321887718,0.022736183793978924
87063175,Support,the Patient,22,0,0
87063175,Support,the Tormented,20,0.04964097187922132,0.009928194375844263
87063175,Support,the Underdog,8,0.4915048265238845,0.03932038612191076
91730177,Support,of the Ant,17,0.20286142772770183,0.034486442713709306
91730177,Support,of the Bull,21,0.014482972297214756,0.003041424182415099
91730177,Support,of the Mule,24,0.11095673703202451,0.02662961688768588
91730177,Support,of the Octopus,10,0.6110569029866629,0.06110569029866629
91730177,Support,of the Raven,23,0.06962002981698746,0.016012606857907116
91730177,Support,the Accomplice,16,0.26819347238876334,0.042910955582202134
91730177,Support,the Decisive,21,0.17363502001034403,0.03646335420217225
91730177,Support,the Divine Thief,23,0,0
91730177,Support,the Even-Keeled,25,0,0
91730177,Support,the Flayed Twins Acolyte,5,0.1446512457419779,0.0072325622870988955
91730177,Support,the Loquacious,16,0,0
91730177,Support,the Nothl Pilgrim,15,0.22529841514335386,0.033794762271503076
91730177,Support,the Pacifist,18,0.16790771318747805,0.03022338837374605
91730177,Support,the Patient,22,0,0
91730177,Support,the Tormented,20,0.0389087622853638,0.00778175245707276
91730177,Support,the Underdog,8,0.38737845714688174,0.03099027657175054
94054712,Mid,of the Ant,17,0,0
94054712,Mid,of the Bull,21,0.03763081004185485,0.007902470108789517
94054712,Mid,of the Mule,24,0.05451824332259499,0.013084378397422798
94054712,Mid,of the Octopus,10,0.8296128444249011,0.08296128444249011
94054712,Mid,of the Raven,23,0.009917861766905362,0.0022811082063882333
94054712,Mid,the Accomplice,16,0.09108693750061819,0.014573910000098911
94054712,Mid,the Decisive,21,0,0
94054712,Mid,the Divine Thief,23,0.021505180873847007,0.004946191600984811
94054712,Mid,the Even-Keeled,25,0,0
94054712,Mid,the Flayed Twins Acolyte,5,0.023019357415861596,0.00115096787079308
94054712,Mid,the Loquacious,16,0,0
94054712,Mid,the Nothl Pilgrim,15,0.03912419624697715,0.005868629437046572
94054712,Mid,the Pacifist,18,0.01931882947209252,0.0034773893049766537
94054712,Mid,the Patient,22,0,0
94054712,Mid,the Tormented,20,0.04205368203761226,0.008410736407522452
94054712,Mid,the Underdog,8,0.4318268152749498,0.034546145221995984
94155156,Support,of the Ant,17,0.29956122014029546,0.050925407423850225
94155156,Support,of the Bull,21,0.0939314352206757,0.019725601396341896
94155156,Support,of the Mule,24,0.13595725921795815,0.03262974221230996
94155156,Support,of the Octopus,10,0.646285175743183,0.0646285175743183
94155156,Support,of the Raven,23,0,0
94155156,Support,the Accomplice,16,0.16504488022219208,0.02640718083555073
94155156,Support,the Decisive,21,0.10146493224273176,0.02130763577097367
94155156,Support,the Divine Thief,23,0.04874795809477168,0.011212030361797486
94155156,Support,the Even-Keeled,25,0,0
94155156,Support,the Flayed Twins Acolyte,5,0.03644153961810068,0.0018220769809050338
94155156,Support,the Loquacious,16,0.5815395894972426,0.09304633431955882
94155156,Support,the Nothl Pilgrim,15,0.2896159456471381,0.043442391847070716
94155156,Support,the Pacifist,18,0.2153025482564001,0.03875445868615202
94155156,Support,the Patient,22,0,0
94155156,Support,the Tormented,20,0.04964097187922132,0.009928194375844263
94155156,Support,the Underdog,8,0.4915048265238845,0.03932038612191076
94296097,Support,of the Ant,17,0.36651659214695353,0.062307820664982104
94296097,Support,of the Bull,21,0.17772556758193697,0.037322369192206765
94296097,Support,of the Mule,24,0.04382928704473056,0.010519028890735336
94296097,Support,of the Octopus,10,0.5065307261251709,0.050653072612517086
94296097,Support,of the Raven,23,0.018768433488343127,0.004316739702318919
94296097,Support,the Accomplice,16,0.15081724809227265,0.024130759694763623
94296097,Support,the Decisive,21,0.04765661414793278,0.010007888971065883
94296097,Support,the Divine Thief,23,0,0
94296097,Support,the Even-Keeled,25,0,0
94296097,Support,the Flayed Twins Acolyte,5,0.14298151292028727,0.007149075646014363
94296097,Support,the Loquacious,16,0.03515292393534485,0.005624467829655176
94296097,Support,the Nothl Pilgrim,15,0.16065006445579788,0.024097509668369682
94296097,Support,the Pacifist,18,0.10513341158593244,0.01892401408546784
94296097,Support,the Patient,22,0,0
94296097,Support,the Tormented,20,0.04904339058419201,0.009808678116838403
94296097,Support,the Underdog,8,0.48849023508533196,0.039079218806826556
97590558,Core,of the Ant,17,0,0
97590558,Core,of the Bull,21,0.02234891269662473,0.004693271666291193
97590558,Core,of the Mule,24,0.04838687464122663,0.011612849913894392
97590558,Core,of the Octopus,10,0.7695486228945595,0.07695486228945594
97590558,Core,of the Raven,23,0.06962002981698746,0.016012606857907116
97590558,Core,the Accomplice,16,0.1549888123202756,0.024798209971244094
97590558,Core,the Decisive,21,0.17363502001034403,0.03646335420217225
97590558,Core,the Divine Thief,23,0,0
97590558,Core,the Even-Keeled,25,0,0
97590558,Core,the Flayed Twins Acolyte,5,0.1446512457419779,0.0072325622870988955
97590558,Core,the Loquacious,16,0,0
97590558,Core,the Nothl Pilgrim,15,0.16688049361810442,0.025032074042715662
97590558,Core,the Pacifist,18,0.10859597312673272,0.019547275162811892
97590558,Core,the Patient,22,0,0
97590558,Core,the Tormented,20,0.0389087622853638,0.00778175245707276
97590558,Core,the Underdog,8,0.38737845714688174,0.03099027657175054
100058342,Core,of the Ant,17,0,0
100058342,Core,of the Bull,21,0.02158943458975794,0.004533781263849168
100058342,Core,of the Mule,24,0.040524457236244545,0.009725869736698691
100058342,Core,of the Octopus,10,0.670161433428977,0.0670161433428977
100058342,Core,of the Raven,23,0,0
100058342,Core,the Accomplice,16,0.03177953421748958,0.005084725474798333
100058342,Core,the Decisive,21,0.08040488135864657,0.01688502508531578
100058342,Core,the Divine Thief,23,0,0
100058342,Core,the Even-Keeled,25,0,0
100058342,Core,the Flayed Twins Acolyte,5,0.12503199904754358,0.006251599952377179
100058342,Core,the Loquacious,16,0.03626241694942376,0.005801986711907802
100058342,Core,the Nothl Pilgrim,15,0,0
100058342,Core,the Pacifist,18,0.07352420776900423,0.013234357398420762
100058342,Core,the Patient,22,0,0
100058342,Core,the Tormented,20,0.0809282210582904,0.01618564421165808
100058342,Core,the Underdog,8,0.3723697803352316,0.029789582426818527
100471531,Core,of the Ant,17,0,0
100471531,Core,of the Bull,21,0,0
100471531,Core,of the Mule,24,0.012191616509341172,0.0029259879622418818
100471531,Core,of the Octopus,10,0.794120908273085,0.0794120908273085
100471531,Core,of the Raven,23,0.03125082137515722,0.007187688916286161
100471531,Core,the Accomplice,16,0.17322763202108785,0.027716421123374056
100471531,Core,the Decisive,21,0.029935149280455712,0.0062863813488957
100471531,Core,the Divine Thief,23,0.08131894463923278,0.01870335726702354
100471531,Core,the Even-Keeled,25,0.012679281169714817,0.0031698202924287044
100471531,Core,the Flayed Twins Acolyte,5,0.052153551687672904,0.0026076775843836453
100471531,Core,the Loquacious,16,0.025685897196736286,0.004109743551477806
100471531,Core,the Nothl Pilgrim,15,0.1989826508901992,0.029847397633529883
100471531,Core,the Pacifist,18,0.1407955301836661,0.0253431954330599
100471531,Core,the Patient,22,0,0
100471531,Core,the Tormented,20,0.016790191962572622,0.003358038392514524
100471531,Core,the Underdog,8,0.5212171236832828,0.04169736989466262
101259972,Support,of the Ant,17,0.5034643609732681,0.08558894136545557
101259972,Support,of the Bull,21,0.15694032992336748,0.03295746928390717
101259972,Support,of the Mule,24,0.03900075789949683,0.009360181895879238
101259972,Support,of the Octopus,10,0.3391900803135027,0.03391900803135026
101259972,Support,of the Raven,23,0.03125082137515722,0.007187688916286161
101259972,Support,the Accomplice,16,0.20709782728023454,0.03313565236483753
101259972,Support,the Decisive,21,0.029935149280455712,0.0062863813488957
101259972,Support,the Divine Thief,23,0.08131894463923278,0.01870335726702354
101259972,Support,the Even-Keeled,25,0,0
101259972,Support,the Flayed Twins Acolyte,5,0.052153551687672904,0.0026076775843836453
101259972,Support,the Loquacious,16,0,0
101259972,Support,the Nothl Pilgrim,15,0.2659795471316236,0.03989693206974353
101259972,Support,the Pacifist,18,0.24858229839945542,0.044744813711901976
101259972,Support,the Patient,22,0,0
101259972,Support,the Tormented,20,0.016790191962572622,0.003358038392514524
101259972,Support,the Underdog,8,0.5212171236832828,0.04169736989466262
106305042,Mid,of the Ant,17,0,0
106305042,Mid,of the Bull,21,0.04874347944284957,0.01023613068299841
106305042,Mid,of the Mule,24,0.037201491508385406,0.008928357962012497
106305042,Mid,of the Octopus,10,0.9299151011158351,0.0929915101115835
106305042,Mid,of the Raven,23,0.053358643100454135,0.01227248791310445
106305042,Mid,the Accomplice,16,0.07488777933557664,0.011982044693692262
106305042,Mid,the Decisive,21,0.10974818243700812,0.023047118311771708
106305042,Mid,the Divine Thief,23,0.01063002361672676,0.002444905431847155
106305042,Mid,the Even-Keeled,25,0,0
106305042,Mid,the Flayed Twins Acolyte,5,0.09706258478476294,0.004853129239238147
106305042,Mid,the Loquacious,16,0.28953182932802835,0.04632509269248453
106305042,Mid,the Nothl Pilgrim,15,0.0516939571094962,0.00775409356642443
106305042,Mid,the Pacifist,18,0.03261902340238464,0.005871424212429236
106305042,Mid,the Patient,22,0,0
106305042,Mid,the Tormented,20,0.04996234265260387,0.009992468530520772
106305042,Mid,the Underdog,8,0.4235932378797467,0.033887459030379735
106573901,Mid,of the Ant,17,0,0
106573901,Mid,of the Bull,21,0.042305494737854096,0.00888415389494936
106573901,Mid,of the Mule,24,0.0554286876948081,0.013302885046753943
106573901,Mid,of the Octopus,10,0.9069309599928289,0.0906930959992829
106573901,Mid,of the Raven,23,0,0
106573901,Mid,the Accomplice,16,0.04485907262321492,0.007177451619714387
106573901,Mid,the Decisive,21,0.09199187183167598,0.019318293084651956
106573901,Mid,the Divine Thief,23,0.007156851951629171,0.0016460759488747092
106573901,Mid,the Even-Keeled,25,0.008674620833011359,0.0021686552082528397
106573901,Mid,the Flayed Twins Acolyte,5,0.22222970667634756,0.011111485333817379
106573901,Mid,the Loquacious,16,0,0
106573901,Mid,the Nothl Pilgrim,15,0.051593532688950894,0.007739029903342634
106573901,Mid,the Pacifist,18,0.009368323690860787,0.0016862982643549415
106573901,Mid,the Patient,22,0,0
106573901,Mid,the Tormented,20,0.019870719226192136,0.003974143845238427
106573901,Mid,the Underdog,8,0.42065446694195785,0.03365235735535663
113331514,Support,of the Ant,17,0.3002428841264158,0.05104129030149068
113331514,Support,of the Bull,21,0.12810027886220282,0.02690105856106259
113331514,Support,of the Mule,24,0.04394539707462032,0.010546895297908879
113331514,Support,of the Octopus,10,0.38060924060586365,0.038060924060586365
113331514,Support,of the Raven,23,0.053358643100454135,0.01227248791310445
113331514,Support,the Accomplice,16,0.2518920615899612,0.04030272985439379
113331514,Support,the Decisive,21,0.10974818243700812,0.023047118311771708
113331514,Support,the Divine Thief,23,0.01063002361672676,0.002444905431847155
113331514,Support,the Even-Keeled,25,0,0
113331514,Support,the Flayed Twins Acolyte,5,0.09706258478476294,0.004853129239238147
113331514,Support,the Loquacious,16,0,0
113331514,Support,the Nothl Pilgrim,15,0.22609026473276425,0.03391353970991464
113331514,Support,the Pacifist,18,0.14823972052505924,0.02668314969451066
113331514,Support,the Patient,22,0,0
113331514,Support,the Tormented,20,0.04996234265260387,0.009992468530520772
113331514,Support,the Underdog,8,0.4235932378797467,0.033887459030379735
115651292,Mid,of the Ant,17,0,0
115651292,Mid,of the Bull,21,0.05965351450016504,0.01252723804503466
115651292,Mid,of the Mule,24,0.011083540449289546,0.002660049707829491
115651292,Mid,of the Octopus,10,0.6755678962003606,0.06755678962003606
115651292,Mid,of the Raven,23,0,0
115651292,Mid,the Accomplice,16,0.06315560548540573,0.010104896877664917
115651292,Mid,the Decisive,21,0.10146493224273176,0.02130763577097367
115651292,Mid,the Divine Thief,23,0.04874795809477168,0.011212030361797486
115651292,Mid,the Even-Keeled,25,0,0
115651292,Mid,the Flayed Twins Acolyte,5,0.03644153961810068,0.0018220769809050338
115651292,Mid,the Loquacious,16,0,0
115651292,Mid,the Nothl Pilgrim,15,0.07490059632104976,0.011235089448157463
115651292,Mid,the Pacifist,18,0.04818126771357419,0.008672628188443355
115651292,Mid,the Patient,22,0,0
115651292,Mid,the Tormented,20,0.04964097187922132,0.009928194375844263
115651292,Mid,the Underdog,8,0.4915048265238845,0.03932038612191076
116934015,Core,of the Ant,17,0,0
116934015,Core,of the Bull,21,0,0
116934015,Core,of the Mule,24,0.007772943792067372,0.0018655065100961694
116934015,Core,of the Octopus,10,0.8556300397840688,0.08556300397840688
116934015,Core,of the Raven,23,0.06962002981698746,0.016012606857907116
116934015,Core,the Accomplice,16,0.040260231654892335,0.006441637064782774
116934015,Core,the Decisive,21,0.17363502001034403,0.03646335420217225
116934015,Core,the Divine Thief,23,0,0
116934015,Core,the Even-Keeled,25,0,0
116934015,Core,the Flayed Twins Acolyte,5,0.1446512457419779,0.0072325622870988955
116934015,Core,the Loquacious,16,0.3045486161380052,0.048727778582080834
116934015,Core,the Nothl Pilgrim,15,0.11322851298356112,0.01698427694753417
116934015,Core,the Pacifist,18,0.009707587263791105,0.001747365707482399
116934015,Core,the Patient,22,0,0
116934015,Core,the Tormented,20,0.0389087622853638,0.00778175245707276
116934015,Core,the Underdog,8,0.38737845714688174,0.03099027657175054
118948666,Mid,of the Ant,17,0,0
118948666,Mid,of the Bull,21,0.016014050186922858,0.0033629505392538
118948666,Mid,of the Mule,24,0.04776913054062248,0.011464591329749394
118948666,Mid,of the Octopus,10,0.8049198014316712,0.08049198014316712
118948666,Mid,of the Raven,23,0.02260477660930575,0.005199098620140324
118948666,Mid,the Accomplice,16,0.08608500288409289,0.013773600461454863
118948666,Mid,the Decisive,21,0.035509833291568385,0.007457064991229361
118948666,Mid,the Divine Thief,23,0.016585980550741532,0.0038147755266705525
118948666,Mid,the Even-Keeled,25,0,0
118948666,Mid,the Flayed Twins Acolyte,5,0.0776972978083522,0.0038848648904176103
118948666,Mid,the Loquacious,16,0,0
118948666,Mid,the Nothl Pilgrim,15,0.02616207732578057,0.003924311598867086
118948666,Mid,the Pacifist,18,0,0
118948666,Mid,the Patient,22,0,0
118948666,Mid,the Tormented,20,0.015461841559787588,0.0030923683119575174
118948666,Mid,the Underdog,8,0.6707553886110698,0.05366043108888558
123787715,Support,of the Ant,17,0.34432970317008,0.058536049538913594
123787715,Support,of the Bull,21,0.14668063541598986,0.03080293343735787
123787715,Support,of the Mule,24,0.05594879944894211,0.013427711867746108
123787715,Support,of the Octopus,10,0.6849099186837303,0.06849099186837303
123787715,Support,of the Raven,23,0.018768433488343127,0.004316739702318919
123787715,Support,the Accomplice,16,0.31459900167506905,0.05033584026801105
123787715,Support,the Decisive,21,0.05612488560596447,0.01178622597725254
123787715,Support,the Divine Thief,23,0.06440225905634724,0.014812519582959864
123787715,Support,the Even-Keeled,25,0,0
123787715,Support,the Flayed Twins Acolyte,5,0.1002468742442743,0.005012343712213715
123787715,Support,the Loquacious,16,0,0
123787715,Support,the Nothl Pilgrim,15,0.27898833339250845,0.04184825000887627
123787715,Support,the Pacifist,18,0.04878217708745056,0.0087807918757411
123787715,Support,the Patient,22,0,0
123787715,Support,the Tormented,20,0.014262466933690088,0.0028524933867380177
123787715,Support,the Underdog,8,0.41562969580368225,0.03325037566429458
124801257,Core,of the Ant,17,0,0
124801257,Core,of the Bull,21,0,0
124801257,Core,of the Mule,24,0.007804880183931137,0.0018731712441434729
124801257,Core,of the Octopus,10,0.8435186976853345,0.08435186976853344
124801257,Core,of the Raven,23,0.034583950047143146,0.007954308510842924
124801257,Core,the Accomplice,16,0.037956081230878194,0.006072972996940511
124801257,Core,the Decisive,21,0.07961309555229552,0.01671875006598206
124801257,Core,the Divine Thief,23,0.008973800258989174,0.0020639740595675103
124801257,Core,the Even-Keeled,25,0,0
124801257,Core,the Flayed Twins Acolyte,5,0.029322327216807584,0.0014661163608403792
124801257,Core,the Loquacious,16,0.07961309555229552,0.012738095288367285
124801257,Core,the Nothl Pilgrim,15,0,0
124801257,Core,the Pacifist,18,0.02144464473036014,0.0038600360514648253
124801257,Core,the Patient,22,0,0
124801257,Core,the Tormented,20,0.06380068279358894,0.012760136558717789
124801257,Core,the Underdog,8,0.5393750821824658,0.04315000657459726
126238768,Core,of the Ant,17,0,0
126238768,Core,of the Bull,21,0.017287028551866073,0.003630275995891875
126238768,Core,of the Mule,24,0.025982166895590405,0.006235720054941697
126238768,Core,of the Octopus,10,0.9083983642306757,0.09083983642306757
126238768,Core,of the Raven,23,0,0
126238768,Core,the Accomplice,16,0.045396488481807634,0.0072634381570892215
126238768,Core,the Decisive,21,0.10146493224273176,0.02130763577097367
126238768,Core,the Divine Thief,23,0.04874795809477168,0.011212030361797486
126238768,Core,the Even-Keeled,25,0,0
126238768,Core,the Flayed Twins Acolyte,5,0.03644153961810068,0.0018220769809050338
126238768,Core,the Loquacious,16,0.09036760057129922,0.014458816091407875
126238768,Core,the Nothl Pilgrim,15,0.13597258390762798,0.0203958875861442
126238768,Core,the Pacifist,18,0.02786629032843186,0.005015932259117735
126238768,Core,the Patient,22,0,0
126238768,Core,the Tormented,20,0.04964097187922132,0.009928194375844263
126238768,Core,the Underdog,8,0.4915048265238845,0.03932038612191076
126842529,Core,of the Ant,17,0,0
126842529,Core,of the Bull,21,0.0726363430110398,0.015253632032318358
126842529,Core,of the Mule,24,0.1476614460179835,0.035438747044316043
126842529,Core,of the Octopus,10,0.868142642657788,0.08681426426577879
126842529,Core,of the Raven,23,0.02920738059231473,0.006717697536232387
126842529,Core,the Accomplice,16,0.03564657279940044,0.005703451647904071
126842529,Core,the Decisive,21,0.10626149317678145,0.022314913567124103
126842529,Core,the Divine Thief,23,0.012957267097606836,0.002980171432449572
126842529,Core,the Even-Keeled,25,0,0
126842529,Core,the Flayed Twins Acolyte,5,0.15283463055573482,0.007641731527786741
126842529,Core,the Loquacious,16,0,0
126842529,Core,the Nothl Pilgrim,15,0.05218917791561843,0.007828376687342766
126842529,Core,the Pacifist,18,0.03109172772730278,0.0055965109909145005
126842529,Core,the Patient,22,0,0
126842529,Core,the Tormented,20,0,0
126842529,Core,the Underdog,8,0.5441673597717033,0.043533388781736265
127565532,Support,of the Ant,17,0.41114422242276066,0.06989451781186931
127565532,Support,of the Bull,21,0.1798820871069915,0.03777523829246821
127565532,Support,of the Mule,24,0.05742428738816679,0.013781828973160028
127565532,Support,of the Octopus,10,0.4132037244502391,0.041320372445023915
127565532,Support,of the Raven,23,0,0
127565532,Support,the Accomplice,16,0.1920774967237876,0.030732399475806017
127565532,Support,the Decisive,21,0.09199187183167598,0.019318293084651956
127565532,Support,the Divine Thief,23,0.007156851951629171,0.0016460759488747092
127565532,Support,the Even-Keeled,25,0,0
127565532,Support,the Flayed Twins Acolyte,5,0.22222970667634756,0.011111485333817379
127565532,Support,the Loquacious,16,0.047788631787873265,0.007646181086059722
127565532,Support,the Nothl Pilgrim,15,0.3763681513668825,0.05645522270503237
127565532,Support,the Pacifist,18,0.061927313052911624,0.011146916349524092
127565532,Support,the Patient,22,0,0
127565532,Support,the Tormented,20,0.019870719226192136,0.003974143845238427
127565532,Support,the Underdog,8,0.42065446694195785,0.03365235735535663
129958758,Core,of the Ant,17,0,0
129958758,Core,of the Bull,21,0,0
129958758,Core,of the Mule,24,0,0
129958758,Core,of the Octopus,10,0.8799503539161255,0.08799503539161256
129958758,Core,of the Raven,23,0.08583919059383775,0.019743013836582682
129958758,Core,the Accomplice,16,0.14350053582288777,0.02296008573166204
129958758,Core,the Decisive,21,0.03203068659680084,0.006726444185328176
129958758,Core,the Divine Thief,23,0,0
129958758,Core,the Even-Keeled,25,0,0
129958758,Core,the Flayed Twins Acolyte,5,0.058871819561906256,0.002943590978095313
129958758,Core,the Loquacious,16,0.07466207820468568,0.011945932512749708
129958758,Core,the Nothl Pilgrim,15,0.011637901775307552,0.0017456852662961328
129958758,Core,the Pacifist,18,0.07856051502193026,0.014140892703947448
129958758,Core,the Patient,22,0,0
129958758,Core,the Tormented,20,0.03619016029562091,0.007238032059124182
129958758,Core,the Underdog,8,0.3632634490825241,0.02906107592660193
131303632,Mid,of the Ant,17,0,0
131303632,Mid,of the Bull,21,0.06548764556584283,0.013752405568826993
131303632,Mid,of the Mule,24,0.2127741043088384,0.051065785034121215
131303632,Mid,of the Octopus,10,0.8150369748612195,0.08150369748612196
131303632,Mid,of the Raven,23,0,0
131303632,Mid,the Accomplice,16,0.05960501710805655,0.009536802737289048
131303632,Mid,the Decisive,21,0.09216455290060825,0.019354556109127733
131303632,Mid,the Divine Thief,23,0.05098023134883231,0.011725453210231431
131303632,Mid,the Even-Keeled,25,0,0
131303632,Mid,the Flayed Twins Acolyte,5,0.03744829763223508,0.0018724148816117543
131303632,Mid,the Loquacious,16,0,0
131303632,Mid,the Nothl Pilgrim,15,0.02806110707381251,0.004209166061071877
131303632,Mid,the Pacifist,18,0.0674279665386032,0.012137033976948574
131303632,Mid,the Patient,22,0,0
131303632,Mid,the Tormented,20,0.02711450023198815,0.005422900046397629
131303632,Mid,the Underdog,8,0.48997925870837816,0.039198340696670254
132851371,Core,of the Ant,17,0,0
132851371,Core,of the Bull,21,0.05197154380451763,0.010914024198948703
132851371,Core,of the Mule,24,0.008552060633278404,0.002052494551986817
132851371,Core,of the Octopus,10,0.8335189225088501,0.083351892250885
132851371,Core,of the Raven,23,0.009917861766905362,0.0022811082063882333
132851371,Core,the Accomplice,16,0.06966065676461813,0.011145705082338902
132851371,Core,the Decisive,21,0,0
132851371,Core,the Divine Thief,23,0.021505180873847007,0.004946191600984811
132851371,Core,the Even-Keeled,25,0,0
132851371,Core,the Flayed Twins Acolyte,5,0.023019357415861596,0.00115096787079308
132851371,Core,the Loquacious,16,0,0
132851371,Core,the Nothl Pilgrim,15,0.05354944550128984,0.008032416825193477
132851371,Core,the Pacifist,18,0.07037008623491256,0.012666615522284262
132851371,Core,the Patient,22,0,0
132851371,Core,the Tormented,20,0.04205368203761226,0.008410736407522452
132851371,Core,the Underdog,8,0.4318268152749498,0.034546145221995984
136829091,Support,of the Ant,17,0.35085262299889924,0.05964494590981287
136829091,Support,of the Bull,21,0.046429221614898764,0.00975013653912874
136829091,Support,of the Mule,24,0.17671461796167162,0.042411508310801184
136829091,Support,of the Octopus,10,0.35229182498874223,0.035229182498874224
136829091,Support,of the Raven,23,0.009917861766905362,0.0022811082063882333
136829091,Support,the Accomplice,16,0.3622511984272784,0.05796019174836454
136829091,Support,the Decisive,21,0,0
136829091,Support,the Divine Thief,23,0.021505180873847007,0.004946191600984811
136829091,Support,the Even-Keeled,25,0,0
136829091,Support,the Flayed Twins Acolyte,5,0.023019357415861596,0.00115096787079308
136829091,Support,the Loquacious,16,0.10664618198323529,0.017063389117317647
136829091,Support,the Nothl Pilgrim,15,0.21120754497162475,0.03168113174574371
136829091,Support,the Pacifist,18,0.06494370519204805,0.011689866934568648
136829091,Support,the Patient,22,0,0
136829091,Support,the Tormented,20,0.04205368203761226,0.008410736407522452
136829091,Support,the Underdog,8,0.4318268152749498,0.034546145221995984
137129583,Mid,of the Ant,17,0,0
137129583,Mid,of the Bull,21,0.0074947927953145635,0.0015739064870160583
137129583,Mid,of the Mule,24,0.025396457949082473,0.006095149907779793
137129583,Mid,of the Octopus,10,0.8820933535412817,0.08820933535412817
137129583,Mid,of the Raven,23,0.08583919059383775,0.019743013836582682
137129583,Mid,the Accomplice,16,0.08102554029647081,0.01296408644743533
137129583,Mid,the Decisive,21,0.03203068659680084,0.006726444185328176
137129583,Mid,the Divine Thief,23,0,0
137129583,Mid,the Even-Keeled,25,0,0
137129583,Mid,the Flayed Twins Acolyte,5,0.058871819561906256,0.002943590978095313
137129583,Mid,the Loquacious,16,0.013121907609893175,0.002099505217582908
137129583,Mid,the Nothl Pilgrim,15,0.03940777254151389,0.005911165881227084
137129583,Mid,the Pacifist,18,0.06241202147603122,0.01123416386568562
137129583,Mid,the Patient,22,0,0
137129583,Mid,the Tormented,20,0.03619016029562091,0.007238032059124182
137129583,Mid,the Underdog,8,0.3632634490825241,0.02906107592660193
138177198,Core,of the Ant,17,0,0
138177198,Core,of the Bull,21,0.025336445508576153,0.0053206535568009914
138177198,Core,of the Mule,24,0.012330979430474726,0.0029594350633139342
138177198,Core,of the Octopus,10,0.9121434097441875,0.09121434097441876
138177198,Core,of the Raven,23,0.016854383609245075,0.003876508230126367
138177198,Core,the Accomplice,16,0.1956644733125299,0.03130631573000478
138177198,Core,the Decisive,21,0.02386855289023745,0.0050123961069498645
138177198,Core,the Divine Thief,23,0.01162650003432074,0.0026740950078937703
138177198,Core,the Even-Keeled,25,0,0
138177198,Core,the Flayed Twins Acolyte,5,0.07980571924090696,0.0039902859620453476
138177198,Core,the Loquacious,16,0,0
138177198,Core,the Nothl Pilgrim,15,0.038818828533694526,0.0058228242800541785
138177198,Core,the Pacifist,18,0.07078494137063641,0.012741289446714554
138177198,Core,the Patient,22,0,0
138177198,Core,the Tormented,20,0.010962268148301995,0.002192453629660399
138177198,Core,the Underdog,8,0.5713473907538265,0.045707791260306115
138857296,Core,of the Ant,17,0,0
138857296,Core,of the Bull,21,0.052797119885963174,0.011087395176052266
138857296,Core,of the Mule,24,0.08985462109100638,0.02156510906184153
138857296,Core,of the Octopus,10,0.9502402071452491,0.09502402071452493
138857296,Core,of the Raven,23,0.018768433488343127,0.004316739702318919
138857296,Core,the Accomplice,16,0.06501870451731052,0.010402992722769684
138857296,Core,the Decisive,21,0.04765661414793278,0.010007888971065883
138857296,Core,the Divine Thief,23,0,0
138857296,Core,the Even-Keeled,25,0,0
138857296,Core,the Flayed Twins Acolyte,5,0.14298151292028727,0.007149075646014363
138857296,Core,the Loquacious,16,0.05650493851412662,0.009040790162260259
138857296,Core,the Nothl Pilgrim,15,0.12130767552776599,0.018196151329164897
138857296,Core,the Pacifist,18,0.09133445360279085,0.016440201648502354
138857296,Core,the Patient,22,0,0
138857296,Core,the Tormented,20,0.04904339058419201,0.009808678116838403
138857296,Core,the Underdog,8,0.48849023508533196,0.039079218806826556
138880576,Core,of the Ant,17,0,0
138880576,Core,of the Bull,21,0.10646520426385282,0.022357692895409093
138880576,Core,of the Mule,24,0.013121907609893175,0.003149257826374362
138880576,Core,of the Octopus,10,0.7114986103091936,0.07114986103091936
138880576,Core,of the Raven,23,0,0
138880576,Core,the Accomplice,16,0.0703782245790982,0.011260515932655712
138880576,Core,the Decisive,21,0.09216455290060825,0.019354556109127733
138880576,Core,the Divine Thief,23,0.05098023134883231,0.011725453210231431
138880576,Core,the Even-Keeled,25,0,0
138880576,Core,the Flayed Twins Acolyte,5,0.03744829763223508,0.0018724148816117543
138880576,Core,the Loquacious,16,0,0
138880576,Core,the Nothl Pilgrim,15,0.03077458124006355,0.004616187186009532
138880576,Core,the Pacifist,18,0.09214776647970466,0.016586597966346837
138880576,Core,the Patient,22,0,0
138880576,Core,the Tormented,20,0.02711450023198815,0.005422900046397629
138880576,Core,the Underdog,8,0.48997925870837816,0.039198340696670254
139031324,Core,of the Ant,17,0,0
139031324,Core,of the Bull,21,0,0
139031324,Core,of the Mule,24,0,0
139031324,Core,of the Octopus,10,0.7302651503500693,0.07302651503500694
139031324,Core,of the Raven,23,0.03055879107485004,0.007028521947215509
139031324,Core,the Accomplice,16,0.032002207310402,0.00512035316966432
139031324,Core,the Decisive,21,0.15743367401930863,0.03306107154405481
139031324,Core,the Divine Thief,23,0.051115006787937324,0.011756451561225584
139031324,Core,the Even-Keeled,25,0,0
139031324,Core,the Flayed Twins Acolyte,5,0.055335691160858146,0.0027667845580429075
139031324,Core,the Loquacious,16,0,0
139031324,Core,the Nothl Pilgrim,15,0.0699065078204337,0.010485976173065055
139031324,Core,the Pacifist,18,0.10235022183729768,0.01842303993071358
139031324,Core,the Patient,22,0,0
139031324,Core,the Tormented,20,0.014535486792810564,0.002907097358562113
139031324,Core,the Underdog,8,0.5868402590065916,0.04694722072052733
143693439,Support,of the Ant,17,0.30339330398131575,0.051576861676823675
143693439,Support,of the Bull,21,0.10136138553193201,0.021285890961705724
143693439,Support,of the Mule,24,0.03218395316008535,0.007724148758420484
143693439,Support,of the Octopus,10,0.4959953471840436,0.04959953471840436
143693439,Support,of the Raven,23,0.08583919059383775,0.019743013836582682
143693439,Support,the Accomplice,16,0.3386121267207515,0.05417794027532025
143693439,Support,the Decisive,21,0.03203068659680084,0.006726444185328176
143693439,Support,the Divine Thief,23,0,0
143693439,Support,the Even-Keeled,25,0,0
143693439,Support,the Flayed Twins Acolyte,5,0.058871819561906256,0.002943590978095313
143693439,Support,the Loquacious,16,0,0
143693439,Support,the Nothl Pilgrim,15,0.27609155992085266,0.04141373398812789
143693439,Support,the Pacifist,18,0.16655139592095894,0.02997925126577261
143693439,Support,the Patient,22,0,0
143693439,Support,the Tormented,20,0.03619016029562091,0.007238032059124182
143693439,Support,the Underdog,8,0.3632634490825241,0.02906107592660193
148215639,Core,of the Ant,17,0,0
148215639,Core,of the Bull,21,0.028019418027541102,0.0058840777857836314
148215639,Core,of the Mule,24,0,0
148215639,Core,of the Octopus,10,0.6342469978467559,0.06342469978467559
148215639,Core,of the Raven,23,0.018768433488343127,0.004316739702318919
148215639,Core,the Accomplice,16,0,0
148215639,Core,the Decisive,21,0.04765661414793278,0.010007888971065883
148215639,Core,the Divine Thief,23,0,0
148215639,Core,the Even-Keeled,25,0,0
148215639,Core,the Flayed Twins Acolyte,5,0.14298151292028727,0.007149075646014363
148215639,Core,the Loquacious,16,0,0
148215639,Core,the Nothl Pilgrim,15,0,0
148215639,Core,the Pacifist,18,0.056194051106616925,0.010114929199191047
148215639,Core,the Patient,22,0,0
148215639,Core,the Tormented,20,0.04904339058419201,0.009808678116838403
148215639,Core,the Underdog,8,0.48849023508533196,0.039079218806826556
152859296,Support,of the Ant,17,0.145539861937945,0.024741776529450647
152859296,Support,of the Bull,21,0.17971552148076128,0.03774025951095987
152859296,Support,of the Mule,24,0,0
152859296,Support,of the Octopus,10,0.5502440847382505,0.055024408473825046
152859296,Support,of the Raven,23,0.02920738059231473,0.006717697536232387
152859296,Support,the Accomplice,16,0.14314136154619528,0.022902617847391244
152859296,Support,the Decisive,21,0.10626149317678145,0.022314913567124103
152859296,Support,the Divine Thief,23,0.012957267097606836,0.002980171432449572
152859296,Support,the Even-Keeled,25,0,0
152859296,Support,the Flayed Twins Acolyte,5,0.15283463055573482,0.007641731527786741
152859296,Support,the Loquacious,16,0,0
152859296,Support,the Nothl Pilgrim,15,0.26725115807028715,0.04008767371054307
152859296,Support,the Pacifist,18,0.09063467297979211,0.01631424113636258
152859296,Support,the Patient,22,0,0
152859296,Support,the Tormented,20,0,0
152859296,Support,the Underdog,8,0.5441673597717033,0.043533388781736265
152962063,Core,of the Ant,17,0,0
152962063,Core,of the Bull,21,0.03145418578705659,0.006605379015281884
152962063,Core,of the Mule,24,0,0
152962063,Core,of the Octopus,10,0.6654775791976086,0.06654775791976086
152962063,Core,of the Raven,23,0.011375768436449565,0.0026164267403834002
152962063,Core,the Accomplice,16,0,0
152962063,Core,the Decisive,21,0.10646102470996006,0.022356815189091616
152962063,Core,the Divine Thief,23,0.017675962914436228,0.004065471470320332
152962063,Core,the Even-Keeled,25,0,0
152962063,Core,the Flayed Twins Acolyte,5,0.1266783912803933,0.006333919564019665
152962063,Core,the Loquacious,16,0,0
152962063,Core,the Nothl Pilgrim,15,0.1031727359720018,0.01547591039580027
152962063,Core,the Pacifist,18,0.03477179013103574,0.006258922223586434
152962063,Core,the Patient,22,0,0
152962063,Core,the Tormented,20,0.015781685945406874,0.003156337189081375
152962063,Core,the Underdog,8,0.4178004292081413,0.0334240343366513
157475523,Support,of the Ant,17,0.0683206356203906,0.011614508055466403
157475523,Support,of the Bull,21,0.016290201294871593,0.0034209422719230346
157475523,Support,of the Mule,24,0,0
157475523,Support,of the Octopus,10,0.4427025342571976,0.044270253425719754
157475523,Support,of the Raven,23,0.08583919059383775,0.019743013836582682
157475523,Support,the Accomplice,16,0.1801682823754551,0.028826925180072814
157475523,Support,the Decisive,21,0.03203068659680084,0.006726444185328176
157475523,Support,the Divine Thief,23,0,0
157475523,Support,the Even-Keeled,25,0,0
157475523,Support,the Flayed Twins Acolyte,5,0.058871819561906256,0.002943590978095313
157475523,Support,the Loquacious,16,0,0
157475523,Support,the Nothl Pilgrim,15,0.17225530626534613,0.025838295939801918
157475523,Support,the Pacifist,18,0.05798995943393347,0.010438192698108023
157475523,Support,the Patient,22,0,0
157475523,Support,the Tormented,20,0.03619016029562091,0.007238032059124182
157475523,Support,the Underdog,8,0.3632634490825241,0.02906107592660193
157989498,Support,of the Ant,17,0.2624769553086853,0.0446210824024765
157989498,Support,of the Bull,21,0.13199988653718348,0.027719976172808528
157989498,Support,of the Mule,24,0.03427482777961915,0.008225958667108594
157989498,Support,of the Octopus,10,0.5047455804570476,0.05047455804570476
157989498,Support,of the Raven,23,0,0
157989498,Support,the Accomplice,16,0.23959468813618068,0.03833515010178891
157989498,Support,the Decisive,21,0.09216455290060825,0.019354556109127733
157989498,Support,the Divine Thief,23,0.05098023134883231,0.011725453210231431
157989498,Support,the Even-Keeled,25,0,0
157989498,Support,the Flayed Twins Acolyte,5,0.03744829763223508,0.0018724148816117543
157989498,Support,the Loquacious,16,0.09287481550600248,0.014859970480960397
157989498,Support,the Nothl Pilgrim,15,0.2689447699453888,0.04034171549180832
157989498,Support,the Pacifist,18,0.12476606760571489,0.02245789216902868
157989498,Support,the Patient,22,0,0
157989498,Support,the Tormented,20,0.02711450023198815,0.005422900046397629
157989498,Support,the Underdog,8,0.48997925870837816,0.039198340696670254
164199202,Support,of the Ant,17,0.11623195238748703,0.019759431905872794
164199202,Support,of the Bull,21,0.17504247873237055,0.03675892053379782
164199202,Support,of the Mule,24,0.058693225219848724,0.014086374052763695
164199202,Support,of the Octopus,10,0.48452263160072884,0.04845226316007288
164199202,Support,of the Raven,23,0.009917861766905362,0.0022811082063882333
164199202,Support,the Accomplice,16,0.13772628375930848,0.02203620540148936
164199202,Support,the Decisive,21,0,0
164199202,Support,the Divine Thief,23,0.021505180873847007,0.004946191600984811
164199202,Support,the Even-Keeled,25,0.009209677257268484,0.002302419314317121
164199202,Support,the Flayed Twins Acolyte,5,0.023019357415861596,0.00115096787079308
164199202,Support,the Loquacious,16,0.157590272021447,0.025214443523431516
164199202,Support,the Nothl Pilgrim,15,0.2589774412487861,0.03884661618731791
164199202,Support,the Pacifist,18,0.05146090789858027,0.00926296342174445
164199202,Support,the Patient,22,0,0
164199202,Support,the Tormented,20,0.04205368203761226,0.008410736407522452
164199202,Support,the Underdog,8,0.4318268152749498,0.034546145221995984
164685175,Core,of the Ant,17,0,0
164685175,Core,of the Bull,21,0,0
164685175,Core,of the Mule,24,0,0
164685175,Core,of the Octopus,10,0.869606211196081,0.0869606211196081
164685175,Core,of the Raven,23,0,0
164685175,Core,the Accomplice,16,0,0
164685175,Core,the Decisive,21,0.09216455290060825,0.019354556109127733
164685175,Core,the Divine Thief,23,0.05098023134883231,0.011725453210231431
164685175,Core,the Even-Keeled,25,0,0
164685175,Core,the Flayed Twins Acolyte,5,0.03744829763223508,0.0018724148816117543
164685175,Core,the Loquacious,16,0,0
164685175,Core,the Nothl Pilgrim,15,0.04232097885993758,0.006348146828990637
164685175,Core,the Pacifist,18,0.08392479101746696,0.015106462383144052
164685175,Core,the Patient,22,0,0
164685175,Core,the Tormented,20,0.02711450023198815,0.005422900046397629
164685175,Core,the Underdog,8,0.48997925870837816,0.039198340696670254
165564598,Core,of the Ant,17,0,0
165564598,Core,of the Bull,21,0.047895895529041325,0.010058138061098678
165564598,Core,of the Mule,24,0,0
165564598,Core,of the Octopus,10,0.8189076668187343,0.08189076668187344
165564598,Core,of the Raven,23,0.034583950047143146,0.007954308510842924
165564598,Core,the Accomplice,16,0.08324516821143627,0.013319226913829802
165564598,Core,the Decisive,21,0.07961309555229552,0.01671875006598206
165564598,Core,the Divine Thief,23,0.008973800258989174,0.0020639740595675103
165564598,Core,the Even-Keeled,25,0,0
165564598,Core,the Flayed Twins Acolyte,5,0.029322327216807584,0.0014661163608403792
165564598,Core,the Loquacious,16,0.2174298327622798,0.03478877324196477
165564598,Core,the Nothl Pilgrim,15,0.22609450930543856,0.03391417639581579
165564598,Core,the Pacifist,18,0.06584995442886273,0.011852991797195291
165564598,Core,the Patient,22,0,0
165564598,Core,the Tormented,20,0.06380068279358894,0.012760136558717789
165564598,Core,the Underdog,8,0.5393750821824658,0.04315000657459726
168126336,Core,of the Ant,17,0,0
168126336,Core,of the Bull,21,0,0
168126336,Core,of the Mule,24,0.006769571878330284,0.0016246972507992679
168126336,Core,of the Octopus,10,0.9124888411221581,0.09124888411221582
168126336,Core,of the Raven,23,0.018768433488343127,0.004316739702318919
168126336,Core,the Accomplice,16,0.2036344689005183,0.03258151502408293
168126336,Core,the Decisive,21,0.05612488560596447,0.01178622597725254
168126336,Core,the Divine Thief,23,0.06440225905634724,0.014812519582959864
168126336,Core,the Even-Keeled,25,0,0
168126336,Core,the Flayed Twins Acolyte,5,0.1002468742442743,0.005012343712213715
168126336,Core,the Loquacious,16,0,0
168126336,Core,the Nothl Pilgrim,15,0.1017844802537631,0.015267672038064466
168126336,Core,the Pacifist,18,0.05913333769590059,0.010644000785262106
168126336,Core,the Patient,22,0,0
168126336,Core,the Tormented,20,0.014262466933690088,0.0028524933867380177
168126336,Core,the Underdog,8,0.41562969580368225,0.03325037566429458
170896543,Core,of the Ant,17,0,0
170896543,Core,of the Bull,21,0,0
170896543,Core,of the Mule,24,0.0695264411568593,0.016686345877646232
170896543,Core,of the Octopus,10,0.6279241172595784,0.06279241172595784
170896543,Core,of the Raven,23,0.03055879107485004,0.007028521947215509
170896543,Core,the Accomplice,16,0,0
170896543,Core,the Decisive,21,0.15743367401930863,0.03306107154405481
170896543,Core,the Divine Thief,23,0.051115006787937324,0.011756451561225584
170896543,Core,the Even-Keeled,25,0,0
170896543,Core,the Flayed Twins Acolyte,5,0.055335691160858146,0.0027667845580429075
170896543,Core,the Loquacious,16,0,0
170896543,Core,the Nothl Pilgrim,15,0.036274958182073165,0.005441243727310975
170896543,Core,the Pacifist,18,0.07468373743368005,0.01344307273806241
170896543,Core,the Patient,22,0,0
170896543,Core,the Tormented,20,0.014535486792810564,0.002907097358562113
170896543,Core,the Underdog,8,0.5868402590065916,0.04694722072052733
171262902,Core,of the Ant,17,0,0
171262902,Core,of the Bull,21,0,0
171262902,Core,of the Mule,24,0.022665434997871187,0.005439704399489085
171262902,Core,of the Octopus,10,0.6878473609137659,0.06878473609137659
171262902,Core,of the Raven,23,0,0
171262902,Core,the Accomplice,16,0,0
171262902,Core,the Decisive,21,0.08312928548865518,0.017457149952617587
171262902,Core,the Divine Thief,23,0.0074947927953145635,0.0017238023429223496
171262902,Core,the Even-Keeled,25,0,0
171262902,Core,the Flayed Twins Acolyte,5,0.21682980025854723,0.010841490012927361
171262902,Core,the Loquacious,16,0.0963592978837574,0.015417487661401184
171262902,Core,the Nothl Pilgrim,15,0.07575029867952708,0.011362544801929062
171262902,Core,the Pacifist,18,0.011637901775307552,0.0020948223195553593
171262902,Core,the Patient,22,0,0
171262902,Core,the Tormented,20,0.02004039953667144,0.004008079907334288
171262902,Core,the Underdog,8,0.43345447226314643,0.034676357781051714
173978074,Mid,of the Ant,17,0,0
173978074,Mid,of the Bull,21,0.08250106573960407,0.017325223805316856
173978074,Mid,of the Mule,24,0.04319844273873269,0.010367626257295846
173978074,Mid,of the Octopus,10,0.9494525751079681,0.09494525751079681
173978074,Mid,of the Raven,23,0.018768433488343127,0.004316739702318919
173978074,Mid,the Accomplice,16,0.028722616774613182,0.004595618683938109
173978074,Mid,the Decisive,21,0.04765661414793278,0.010007888971065883
173978074,Mid,the Divine Thief,23,0,0
173978074,Mid,the Even-Keeled,25,0,0
173978074,Mid,the Flayed Twins Acolyte,5,0.14298151292028727,0.007149075646014363
173978074,Mid,the Loquacious,16,0,0
173978074,Mid,the Nothl Pilgrim,15,0.05493981282735557,0.008240971924103335
173978074,Mid,the Pacifist,18,0.04487338449118946,0.008077209208414102
173978074,Mid,the Patient,22,0,0
173978074,Mid,the Tormented,20,0.04904339058419201,0.009808678116838403
173978074,Mid,the Underdog,8,0.48849023508533196,0.039079218806826556
175311897,Support,of the Ant,17,0.10327702529197348,0.017557094299635492
175311897,Support,of the Bull,21,0.14472790148045656,0.030392859310895876
175311897,Support,of the Mule,24,0.0166850690290943,0.004004416566982632
175311897,Support,of the Octopus,10,0.6277779202018564,0.06277779202018564
175311897,Support,of the Raven,23,0.018768433488343127,0.004316739702318919
175311897,Support,the Accomplice,16,0.15350882070099778,0.024561411312159644
175311897,Support,the Decisive,21,0.05612488560596447,0.01178622597725254
175311897,Support,the Divine Thief,23,0.06440225905634724,0.014812519582959864
175311897,Support,the Even-Keeled,25,0,0
175311897,Support,the Flayed Twins Acolyte,5,0.1002468742442743,0.005012343712213715
175311897,Support,the Loquacious,16,0.2599898591966888,0.04159837747147021
175311897,Support,the Nothl Pilgrim,15,0.15702767029957485,0.023554150544936227
175311897,Support,the Pacifist,18,0.040841243152833544,0.007351423767510038
175311897,Support,the Patient,22,0,0
175311897,Support,the Tormented,20,0.014262466933690088,0.0028524933867380177
175311897,Support,the Underdog,8,0.41562969580368225,0.03325037566429458
177203952,Core,of the Ant,17,0,0
177203952,Core,of the Bull,21,0,0
177203952,Core,of the Mule,24,0,0
177203952,Core,of the Octopus,10,0.6962386687095861,0.0696238668709586
177203952,Core,of the Raven,23,0,0
177203952,Core,the Accomplice,16,0.030131631512573434,0.00482106104201175
177203952,Core,the Decisive,21,0.10146493224273176,0.02130763577097367
177203952,Core,the Divine Thief,23,0.04874795809477168,0.011212030361797486
177203952,Core,the Even-Keeled,25,0,0
177203952,Core,the Flayed Twins Acolyte,5,0.03644153961810068,0.0018220769809050338
177203952,Core,the Loquacious,16,0.013338672513641625,0.00213418760218266
177203952,Core,the Nothl Pilgrim,15,0.02044486016888078,0.003066729025332117
177203952,Core,the Pacifist,18,0.0829324001561079,0.01492783202809942
177203952,Core,the Patient,22,0,0
177203952,Core,the Tormented,20,0.04964097187922132,0.009928194375844263
177203952,Core,the Underdog,8,0.4915048265238845,0.03932038612191076
179313961,Mid,of the Ant,17,0,0
179313961,Mid,of the Bull,21,0,0
179313961,Mid,of the Mule,24,0.1055660431670926,0.025335850360102222
179313961,Mid,of the Octopus,10,0.8296358148782658,0.08296358148782657
179313961,Mid,of the Raven,23,0.03055879107485004,0.007028521947215509
179313961,Mid,the Accomplice,16,0.04629929288130413,0.007407886861008661
179313961,Mid,the Decisive,21,0.15743367401930863,0.03306107154405481
179313961,Mid,the Divine Thief,23,0.051115006787937324,0.011756451561225584
179313961,Mid,the Even-Keeled,25,0,0
179313961,Mid,the Flayed Twins Acolyte,5,0.055335691160858146,0.0027667845580429075
179313961,Mid,the Loquacious,16,0.16095383729393967,0.025752613967030345
179313961,Mid,the Nothl Pilgrim,15,0.12761294738900406,0.01914194210835061
179313961,Mid,the Pacifist,18,0.07447655283529124,0.013405779510352423
179313961,Mid,the Patient,22,0,0
179313961,Mid,the Tormented,20,0.014535486792810564,0.002907097358562113
179313961,Mid,the Underdog,8,0.5868402590065916,0.04694722072052733
183719386,Core,of the Ant,17,0,0
183719386,Core,of the Bull,21,0.056509906517854064,0.011867080368749354
183719386,Core,of the Mule,24,0.014926304529694612,0.003582313087126707
183719386,Core,of the Octopus,10,0.6970104375244696,0.06970104375244696
183719386,Core,of the Raven,23,0,0
183719386,Core,the Accomplice,16,0.0982182890217979,0.015714926243487665
183719386,Core,the Decisive,21,0.08623591995311251,0.018109543190153628
183719386,Core,the Divine Thief,23,0,0
183719386,Core,the Even-Keeled,25,0,0
183719386,Core,the Flayed Twins Acolyte,5,0.12998267594400068,0.006499133797200034
183719386,Core,the Loquacious,16,0,0
183719386,Core,the Nothl Pilgrim,15,0.08827408149907187,0.01324111222486078
183719386,Core,the Pacifist,18,0.03708194275548495,0.006674749695987291
183719386,Core,the Patient,22,0,0
183719386,Core,the Tormented,20,0.07923202620385646,0.01584640524077129
183719386,Core,the Underdog,8,0.36736108923586464,0.029388887138869172
193815691,Support,of the Ant,17,0.06014396243946679,0.010224473614709356
193815691,Support,of the Bull,21,0.011722708182058818,0.0024617687182323517
193815691,Support,of the Mule,24,0,0
193815691,Support,of the Octopus,10,0.6622850086661682,0.06622850086661682
193815691,Support,of the Raven,23,0.03125082137515722,0.007187688916286161
193815691,Support,the Accomplice,16,0.19270651700482677,0.030833042720772284
193815691,Support,the Decisive,21,0.029935149280455712,0.0062863813488957
193815691,Support,the Divine Thief,23,0.08131894463923278,0.01870335726702354
193815691,Support,the Even-Keeled,25,0,0
193815691,Support,the Flayed Twins Acolyte,5,0.052153551687672904,0.0026076775843836453
193815691,Support,the Loquacious,16,0,0
193815691,Support,the Nothl Pilgrim,15,0.10187143921725214,0.01528071588258782
193815691,Support,the Pacifist,18,0.07965717860234842,0.014338292148422716
193815691,Support,the Patient,22,0,0
193815691,Support,the Tormented,20,0.016790191962572622,0.003358038392514524
193815691,Support,the Underdog,8,0.5212171236832828,0.04169736989466262
193884241,Support,of the Ant,17,0.10939890014861674,0.018597813025264844
193884241,Support,of the Bull,21,0.1081064425740622,0.022702352940553065
193884241,Support,of the Mule,24,0.048275284188607465,0.011586068205265792
193884241,Support,of the Octopus,10,0.5059200422831673,0.050592004228316736
193884241,Support,of the Raven,23,0.03055879107485004,0.007028521947215509
193884241,Support,the Accomplice,16,0.20509737833669806,0.03281558053387169
193884241,Support,the Decisive,21,0.15743367401930863,0.03306107154405481
193884241,Support,the Divine Thief,23,0.051115006787937324,0.011756451561225584
193884241,Support,the Even-Keeled,25,0,0
193884241,Support,the Flayed Twins Acolyte,5,0.055335691160858146,0.0027667845580429075
193884241,Support,the Loquacious,16,0,0
193884241,Support,the Nothl Pilgrim,15,0.1445225146646331,0.021678377199694964
193884241,Support,the Pacifist,18,0.2383479678311271,0.042902634209602886
193884241,Support,the Patient,22,0,0
193884241,Support,the Tormented,20,0.014535486792810564,0.002907097358562113
193884241,Support,the Underdog,8,0.5868402590065916,0.04694722072052733
196878136,Support,of the Ant,17,0.07442705159126277,0.012652598770514672
196878136,Support,of the Bull,21,0.05708902121322509,0.011988694454777269
196878136,Support,of the Mule,24,0.013243815728083388,0.003178515774740013
196878136,Support,of the Octopus,10,0.638325632800977,0.0638325632800977
196878136,Support,of the Raven,23,0,0
196878136,Support,the Accomplice,16,0.3022726163287649,0.04836361861260238
196878136,Support,the Decisive,21,0.09199187183167598,0.019318293084651956
196878136,Support,the Divine Thief,23,0.007156851951629171,0.0016460759488747092
196878136,Support,the Even-Keeled,25,0.010514266203227124,0.0026285665508067814
196878136,Support,the Flayed Twins Acolyte,5,0.22222970667634756,0.011111485333817379
196878136,Support,the Loquacious,16,0.21896280425151252,0.035034048680242
196878136,Support,the Nothl Pilgrim,15,0.12058556343975263,0.018087834515962894
196878136,Support,the Pacifist,18,0.0725037831424539,0.0130506809656417
196878136,Support,the Patient,22,0,0
196878136,Support,the Tormented,20,0.019870719226192136,0.003974143845238427
196878136,Support,the Underdog,8,0.42065446694195785,0.03365235735535663
201358612,Mid,of the Ant,17,0,0
201358612,Mid,of the Bull,21,0.021663200667655078,0.004549272140207566
201358612,Mid,of the Mule,24,0.06095126240762581,0.014628302977830195
201358612,Mid,of the Octopus,10,0.8314084256149011,0.08314084256149011
201358612,Mid,of the Raven,23,0.011375768436449565,0.0026164267403834002
201358612,Mid,the Accomplice,16,0.05021477579759821,0.008034364127615714
201358612,Mid,the Decisive,21,0.10646102470996006,0.022356815189091616
201358612,Mid,the Divine Thief,23,0.017675962914436228,0.004065471470320332
201358612,Mid,the Even-Keeled,25,0,0
201358612,Mid,the Flayed Twins Acolyte,5,0.1266783912803933,0.006333919564019665
201358612,Mid,the Loquacious,16,0,0
201358612,Mid,the Nothl Pilgrim,15,0.0673720822492245,0.010105812337383675
201358612,Mid,the Pacifist,18,0.0348215595658095,0.00626788072184571
201358612,Mid,the Patient,22,0,0
201358612,Mid,the Tormented,20,0.015781685945406874,0.003156337189081375
201358612,Mid,the Underdog,8,0.4178004292081413,0.0334240343366513
207829314,Support,of the Ant,17,0.09020660504547982,0.01533512285773157
207829314,Support,of the Bull,21,0.07907981185057902,0.016606760488621596
207829314,Support,of the Mule,24,0,0
207829314,Support,of the Octopus,10,0.5635827263501337,0.05635827263501337
207829314,Support,of the Raven,23,0.018768433488343127,0.004316739702318919
207829314,Support,the Accomplice,16,0.28510492161568296,0.04561678745850927
207829314,Support,the Decisive,21,0.04765661414793278,0.010007888971065883
207829314,Support,the Divine Thief,23,0,0
207829314,Support,the Even-Keeled,25,0,0
207829314,Support,the Flayed Twins Acolyte,5,0.14298151292028727,0.007149075646014363
207829314,Support,the Loquacious,16,0.1328129848909019,0.021250077582544304
207829314,Support,the Nothl Pilgrim,15,0.28733895727010234,0.04310084359051535
207829314,Support,the Pacifist,18,0.08972857122430657,0.01615114282037518
207829314,Support,the Patient,22,0,0
207829314,Support,the Tormented,20,0.04904339058419201,0.009808678116838403
207829314,Support,the Underdog,8,0.48849023508533196,0.039079218806826556
210053851,Mid,of the Ant,17,0,0
210053851,Mid,of the Bull,21,0.028893141064309565,0.006067559623505009
210053851,Mid,of the Mule,24,0.07927701923283136,0.019026484615879524
210053851,Mid,of the Octopus,10,0.8247799395770128,0.08247799395770128
210053851,Mid,of the Raven,23,0.03125082137515722,0.007187688916286161
210053851,Mid,the Accomplice,16,0.007321968943602033,0.0011715150309763254
210053851,Mid,the Decisive,21,0.029935149280455712,0.0062863813488957
210053851,Mid,the Divine Thief,23,0.08131894463923278,0.01870335726702354
210053851,Mid,the Even-Keeled,25,0,0
210053851,Mid,the Flayed Twins Acolyte,5,0.052153551687672904,0.0026076775843836453
210053851,Mid,the Loquacious,16,0.1249222270616512,0.01998755632986419
210053851,Mid,the Nothl Pilgrim,15,0,0
210053851,Mid,the Pacifist,18,0,0
210053851,Mid,the Patient,22,0,0
210053851,Mid,the Tormented,20,0.016790191962572622,0.003358038392514524
210053851,Mid,the Underdog,8,0.5212171236832828,0.04169736989466262
221666230,Mid,of the Ant,17,0,0
221666230,Mid,of the Bull,21,0,0
221666230,Mid,of the Mule,24,0.036752522784904346,0.008820605468377042
221666230,Mid,of the Octopus,10,0.8812380909087507,0.08812380909087507
221666230,Mid,of the Raven,23,0.06962002981698746,0.016012606857907116
221666230,Mid,the Accomplice,16,0.07075367621314148,0.011320588194102636
221666230,Mid,the Decisive,21,0.17363502001034403,0.03646335420217225
221666230,Mid,the Divine Thief,23,0,0
221666230,Mid,the Even-Keeled,25,0,0
221666230,Mid,the Flayed Twins Acolyte,5,0.1446512457419779,0.0072325622870988955
221666230,Mid,the Loquacious,16,0,0
221666230,Mid,the Nothl Pilgrim,15,0.06157455075990061,0.009236182613985093
221666230,Mid,the Pacifist,18,0.013853277849509769,0.0024935900129117584
221666230,Mid,the Patient,22,0,0
221666230,Mid,the Tormented,20,0.0389087622853638,0.00778175245707276
221666230,Mid,the Underdog,8,0.38737845714688174,0.03099027657175054
249835593,Support,of the Ant,17,0.38475152723357897,0.06540775962970842
249835593,Support,of the Bull,21,0.0518235318871891,0.010882941696309711
249835593,Support,of the Mule,24,0.11063733451477548,0.026552960283546114
249835593,Support,of the Octopus,10,0.3816772530805379,0.03816772530805379
249835593,Support,of the Raven,23,0.03055879107485004,0.007028521947215509
249835593,Support,the Accomplice,16,0.153708424501381,0.02459334792022096
249835593,Support,the Decisive,21,0.15743367401930863,0.03306107154405481
249835593,Support,the Divine Thief,23,0.051115006787937324,0.011756451561225584
249835593,Support,the Even-Keeled,25,0,0
249835593,Support,the Flayed Twins Acolyte,5,0.055335691160858146,0.0027667845580429075
249835593,Support,the Loquacious,16,0,0
249835593,Support,the Nothl Pilgrim,15,0.4174586478880228,0.06261879718320341
249835593,Support,the Pacifist,18,0.23588601123791758,0.042459482022825165
249835593,Support,the Patient,22,0,0
249835593,Support,the Tormented,20,0.014535486792810564,0.002907097358562113
249835593,Support,the Underdog,8,0.5868402590065916,0.04694722072052733
256156323,Support,of the Ant,17,0.1548045395403875,0.026316771721865875
256156323,Support,of the Bull,21,0.16847027260343772,0.035378757246721924
256156323,Support,of the Mule,24,0.045451583182536254,0.0109083799638087
256156323,Support,of the Octopus,10,0.5390378179238474,0.05390378179238474
256156323,Support,of the Raven,23,0.053358643100454135,0.01227248791310445
256156323,Support,the Accomplice,16,0.3294127323141078,0.05270603717025724
256156323,Support,the Decisive,21,0.10974818243700812,0.023047118311771708
256156323,Support,the Divine Thief,23,0.01063002361672676,0.002444905431847155
256156323,Support,the Even-Keeled,25,0,0
256156323,Support,the Flayed Twins Acolyte,5,0.09706258478476294,0.004853129239238147
256156323,Support,the Loquacious,16,0.13726312775526023,0.021962100440841636
256156323,Support,the Nothl Pilgrim,15,0.35019788326580725,0.05252968248987109
256156323,Support,the Pacifist,18,0.07201703964150247,0.012963067135470446
256156323,Support,the Patient,22,0,0
256156323,Support,the Tormented,20,0.04996234265260387,0.009992468530520772
256156323,Support,the Underdog,8,0.4235932378797467,0.033887459030379735
293904640,Support,of the Ant,17,0.38394439287091353,0.0652705467880553
293904640,Support,of the Bull,21,0.03109172772730278,0.006529262822733584
293904640,Support,of the Mule,24,0.012957267097606836,0.0031097441034256407
293904640,Support,of the Octopus,10,0.4058260001664697,0.040582600016646965
293904640,Support,of the Raven,23,0.02920738059231473,0.006717697536232387
293904640,Support,the Accomplice,16,0.32842263954319306,0.05254762232691089
293904640,Support,the Decisive,21,0.10626149317678145,0.022314913567124103
293904640,Support,the Divine Thief,23,0.012957267097606836,0.002980171432449572
293904640,Support,the Even-Keeled,25,0,0
293904640,Support,the Flayed Twins Acolyte,5,0.15283463055573482,0.007641731527786741
293904640,Support,the Loquacious,16,0,0
293904640,Support,the Nothl Pilgrim,15,0.2402266573232761,0.036033998598491414
293904640,Support,the Pacifist,18,0.1948519491867254,0.035073350853610574
293904640,Support,the Patient,22,0,0
293904640,Support,the Tormented,20,0,0
293904640,Support,the Underdog,8,0.5441673597717033,0.043533388781736265
301750126,Mid,of the Ant,17,0,0
301750126,Mid,of the Bull,21,0.15560162728821583,0.032676341730525325
301750126,Mid,of the Mule,24,0.2740653794282879,0.06577569106278909
301750126,Mid,of the Octopus,10,0.9580117744974403,0.09580117744974403
301750126,Mid,of the Raven,23,0.028134627750021558,0.0064709643825049575
301750126,Mid,the Accomplice,16,0.049142525597391164,0.007862804095582586
301750126,Mid,the Decisive,21,0.13478242227519655,0.028304308677791275
301750126,Mid,the Divine Thief,23,0,0
301750126,Mid,the Even-Keeled,25,0.02345438721693669,0.005863596804234173
301750126,Mid,the Flayed Twins Acolyte,5,0.194214755132848,0.0097107377566424
301750126,Mid,the Loquacious,16,0,0
301750126,Mid,the Nothl Pilgrim,15,0,0
301750126,Mid,the Pacifist,18,0,0
301750126,Mid,the Patient,22,0,0
301750126,Mid,the Tormented,20,0,0
301750126,Mid,the Underdog,8,0.5541122805964233,0.04432898244771386
302214028,Core,of the Ant,17,0,0
302214028,Core,of the Bull,21,0.009933166512963562,0.002085964967722348
302214028,Core,of the Mule,24,0,0
302214028,Core,of the Octopus,10,0.9049978848120293,0.09049978848120294
302214028,Core,of the Raven,23,0.053358643100454135,0.01227248791310445
302214028,Core,the Accomplice,16,0.06465723122013574,0.010345156995221719
302214028,Core,the Decisive,21,0.10974818243700812,0.023047118311771708
302214028,Core,the Divine Thief,23,0.01063002361672676,0.002444905431847155
302214028,Core,the Even-Keeled,25,0,0
302214028,Core,the Flayed Twins Acolyte,5,0.09706258478476294,0.004853129239238147
302214028,Core,the Loquacious,16,0.08880749449625978,0.014209199119401566
302214028,Core,the Nothl Pilgrim,15,0.06226300664633338,0.009339450996950008
302214028,Core,the Pacifist,18,0.07021943014083987,0.012639497425351176
302214028,Core,the Patient,22,0,0
302214028,Core,the Tormented,20,0.04996234265260387,0.009992468530520772
302214028,Core,the Underdog,8,0.4235932378797467,0.033887459030379735
312436974,Mid,of the Ant,17,0,0
312436974,Mid,of the Bull,21,0,0
312436974,Mid,of the Mule,24,0.072884430149824,0.01749226323595776
312436974,Mid,of the Octopus,10,0.8613693252631767,0.08613693252631766
312436974,Mid,of the Raven,23,0.018768433488343127,0.004316739702318919
312436974,Mid,the Accomplice,16,0.06190645380456407,0.009905032608730251
312436974,Mid,the Decisive,21,0.05612488560596447,0.01178622597725254
312436974,Mid,the Divine Thief,23,0.06440225905634724,0.014812519582959864
312436974,Mid,the Even-Keeled,25,0,0
312436974,Mid,the Flayed Twins Acolyte,5,0.1002468742442743,0.005012343712213715
312436974,Mid,the Loquacious,16,0,0
312436974,Mid,the Nothl Pilgrim,15,0.04588966261058093,0.00688344939158714
312436974,Mid,the Pacifist,18,0.010421444887612031,0.0018758600797701655
312436974,Mid,the Patient,22,0,0
312436974,Mid,the Tormented,20,0.014262466933690088,0.0028524933867380177
312436974,Mid,the Underdog,8,0.41562969580368225,0.03325037566429458
317880638,Support,of the Ant,17,0.34044157836702094,0.05787506832239356
317880638,Support,of the Bull,21,0.0840774258923631,0.01765625943739625
317880638,Support,of the Mule,24,0.04880852552772067,0.011714046126652961
317880638,Support,of the Octopus,10,0.4801153970388746,0.04801153970388747
317880638,Support,of the Raven,23,0.034583950047143146,0.007954308510842924
317880638,Support,the Accomplice,16,0.3089561717837729,0.04943298748540366
317880638,Support,the Decisive,21,0.07961309555229552,0.01671875006598206
317880638,Support,the Divine Thief,23,0.008973800258989174,0.0020639740595675103
317880638,Support,the Even-Keeled,25,0.00856590024721694,0.002141475061804235
317880638,Support,the Flayed Twins Acolyte,5,0.029322327216807584,0.0014661163608403792
317880638,Support,the Loquacious,16,0,0
317880638,Support,the Nothl Pilgrim,15,0.2182501833901668,0.032737527508525016
317880638,Support,the Pacifist,18,0.09770315018137218,0.017586567032646994
317880638,Support,the Patient,22,0,0
317880638,Support,the Tormented,20,0.06380068279358894,0.012760136558717789
317880638,Support,the Underdog,8,0.5393750821824658,0.04315000657459726
321580662,Core,of the Ant,17,0,0
321580662,Core,of the Bull,21,0,0
321580662,Core,of the Mule,24,0.01099657615523458,0.002639178277256299
321580662,Core,of the Octopus,10,0.570516248167666,0.0570516248167666
321580662,Core,of the Raven,23,0.053358643100454135,0.01227248791310445
321580662,Core,the Accomplice,16,0,0
321580662,Core,the Decisive,21,0.10974818243700812,0.023047118311771708
321580662,Core,the Divine Thief,23,0.01063002361672676,0.002444905431847155
321580662,Core,the Even-Keeled,25,0,0
321580662,Core,the Flayed Twins Acolyte,5,0.09706258478476294,0.004853129239238147
321580662,Core,the Loquacious,16,0.08472729227893909,0.013556366764630255
321580662,Core,the Nothl Pilgrim,15,0.03726445137839304,0.0055896677067589565
321580662,Core,the Pacifist,18,0.015182006582908358,0.0027327611849235047
321580662,Core,the Patient,22,0,0
321580662,Core,the Tormented,20,0.04996234265260387,0.009992468530520772
321580662,Core,the Underdog,8,0.4235932378797467,0.033887459030379735
330534326,Core,of the Ant,17,0,0
330534326,Core,of the Bull,21,0.014683104962844789,0.0030834520421974053
330534326,Core,of the Mule,24,0,0
330534326,Core,of the Octopus,10,0.5147262328291577,0.051472623282915776
330534326,Core,of the Raven,23,0.02920738059231473,0.006717697536232387
330534326,Core,the Accomplice,16,0,0
330534326,Core,the Decisive,21,0.10626149317678145,0.022314913567124103
330534326,Core,the Divine Thief,23,0.012957267097606836,0.002980171432449572
330534326,Core,the Even-Keeled,25,0,0
330534326,Core,the Flayed Twins Acolyte,5,0.15283463055573482,0.007641731527786741
330534326,Core,the Loquacious,16,0.28453428663206576,0.04552548586113052
330534326,Core,the Nothl Pilgrim,15,0,0
330534326,Core,the Pacifist,18,0,0
330534326,Core,the Patient,22,0,0
330534326,Core,the Tormented,20,0,0
330534326,Core,the Underdog,8,0.5441673597717033,0.043533388781736265
331855530,Core,of the Ant,17,0,0
331855530,Core,of the Bull,21,0,0
331855530,Core,of the Mule,24,0.043387268673730814,0.010412944481695394
331855530,Core,of the Octopus,10,0.6232768248487853,0.062327682484878535
331855530,Core,of the Raven,23,0.009917861766905362,0.0022811082063882333
331855530,Core,the Accomplice,16,0,0
331855530,Core,the Decisive,21,0,0
331855530,Core,the Divine Thief,23,0.021505180873847007,0.004946191600984811
331855530,Core,the Even-Keeled,25,0,0
331855530,Core,the Flayed Twins Acolyte,5,0.023019357415861596,0.00115096787079308
331855530,Core,the Loquacious,16,0.2137871548080836,0.034205944769293374
331855530,Core,the Nothl Pilgrim,15,0.031130001570822415,0.004669500235623362
331855530,Core,the Pacifist,18,0.026425017127331675,0.004756503082919701
331855530,Core,the Patient,22,0,0
331855530,Core,the Tormented,20,0.04205368203761226,0.008410736407522452
331855530,Core,the Underdog,8,0.4318268152749498,0.034546145221995984
349310876,Support,of the Ant,17,0.3778592984319593,0.06423608073343308
349310876,Support,of the Bull,21,0.035950176137261564,0.007549536988824929
349310876,Support,of the Mule,24,0.0847551130752646,0.0203412271380635
349310876,Support,of the Octopus,10,0.6392980439224828,0.06392980439224828
349310876,Support,of the Raven,23,0.016854383609245075,0.003876508230126367
349310876,Support,the Accomplice,16,0.1533962385448995,0.02454339816718392
349310876,Support,the Decisive,21,0.02386855289023745,0.0050123961069498645
349310876,Support,the Divine Thief,23,0.01162650003432074,0.0026740950078937703
349310876,Support,the Even-Keeled,25,0,0
349310876,Support,the Flayed Twins Acolyte,5,0.07980571924090696,0.0039902859620453476
349310876,Support,the Loquacious,16,0,0
349310876,Support,the Nothl Pilgrim,15,0.19396716648686452,0.029095074973029676
349310876,Support,the Pacifist,18,0.1103507606209978,0.019863136911779603
349310876,Support,the Patient,22,0,0
349310876,Support,the Tormented,20,0.010962268148301995,0.002192453629660399
349310876,Support,the Underdog,8,0.5713473907538265,0.045707791260306115
375507918,Core,of the Ant,17,0,0
375507918,Core,of the Bull,21,0.039542258629607745,0.008303874312217626
375507918,Core,of the Mule,24,0.0774003272789877,0.018576078546957045
375507918,Core,of the Octopus,10,0.6261306369261067,0.06261306369261067
375507918,Core,of the Raven,23,0.03125082137515722,0.007187688916286161
375507918,Core,the Accomplice,16,0,0
375507918,Core,the Decisive,21,0.029935149280455712,0.0062863813488957
375507918,Core,the Divine Thief,23,0.08131894463923278,0.01870335726702354
375507918,Core,the Even-Keeled,25,0,0
375507918,Core,the Flayed Twins Acolyte,5,0.052153551687672904,0.0026076775843836453
375507918,Core,the Loquacious,16,0.028893141064309565,0.004622902570289531
375507918,Core,the Nothl Pilgrim,15,0.14201854759177981,0.021302782138766973
375507918,Core,the Pacifist,18,0.12834193338158162,0.02310154800868469
375507918,Core,the Patient,22,0,0
375507918,Core,the Tormented,20,0.016790191962572622,0.003358038392514524
375507918,Core,the Underdog,8,0.5212171236832828,0.04169736989466262
425588742,Core,of the Ant,17,0,0
425588742,Core,of the Bull,21,0,0
425588742,Core,of the Mule,24,0.010644521245452662,0.0025546850989086388
425588742,Core,of the Octopus,10,0.8031760723631773,0.08031760723631773
425588742,Core,of the Raven,23,0.016854383609245075,0.003876508230126367
425588742,Core,the Accomplice,16,0.022206664641430063,0.00355306634262881
425588742,Core,the Decisive,21,0.02386855289023745,0.0050123961069498645
425588742,Core,the Divine Thief,23,0.01162650003432074,0.0026740950078937703
425588742,Core,the Even-Keeled,25,0,0
425588742,Core,the Flayed Twins Acolyte,5,0.07980571924090696,0.0039902859620453476
425588742,Core,the Loquacious,16,0,0
425588742,Core,the Nothl Pilgrim,15,0.005102334563719354,7.653501845579032e-4
425588742,Core,the Pacifist,18,0.047700674577461785,0.008586121423943122
425588742,Core,the Patient,22,0,0
425588742,Core,the Tormented,20,0.010962268148301995,0.002192453629660399
425588742,Core,the Underdog,8,0.5713473907538265,0.045707791260306115
431770905,Support,of the Ant,17,0.16071299389598737,0.027321208962317853
431770905,Support,of the Bull,21,0.03531929126495893,0.0074170511656413765
431770905,Support,of the Mule,24,0.03358210514003812,0.00805970523360915
431770905,Support,of the Octopus,10,0.42130343745811316,0.042130343745811316
431770905,Support,of the Raven,23,0.034583950047143146,0.007954308510842924
431770905,Support,the Accomplice,16,0.13646096148577957,0.02183375383772473
431770905,Support,the Decisive,21,0.07961309555229552,0.01671875006598206
431770905,Support,the Divine Thief,23,0.008973800258989174,0.0020639740595675103
431770905,Support,the Even-Keeled,25,0,0
431770905,Support,the Flayed Twins Acolyte,5,0.029322327216807584,0.0014661163608403792
431770905,Support,the Loquacious,16,0,0
431770905,Support,the Nothl Pilgrim,15,0.16833606107844018,0.02525040916176603
431770905,Support,the Pacifist,18,0.1527961608857614,0.027503308959437048
431770905,Support,the Patient,22,0,0
431770905,Support,the Tormented,20,0.06380068279358894,0.012760136558717789
431770905,Support,the Underdog,8,0.5393750821824658,0.04315000657459726
480412663,Mid,of the Ant,17,0,0
480412663,Mid,of the Bull,21,0,0
480412663,Mid,of the Mule,24,0.034583950047143146,0.008300148011314354
480412663,Mid,of the Octopus,10,0.8430459221233332,0.08430459221233332
480412663,Mid,of the Raven,23,0.034583950047143146,0.007954308510842924
480412663,Mid,the Accomplice,16,0.07540274722564094,0.012064439556102551
480412663,Mid,the Decisive,21,0.07961309555229552,0.01671875006598206
480412663,Mid,the Divine Thief,23,0.008973800258989174,0.0020639740595675103
480412663,Mid,the Even-Keeled,25,0.008973800258989174,0.0022434500647472936
480412663,Mid,the Flayed Twins Acolyte,5,0.029322327216807584,0.0014661163608403792
480412663,Mid,the Loquacious,16,0.1463833509908569,0.0234213361585371
480412663,Mid,the Nothl Pilgrim,15,0.08126835478104762,0.012190253217157143
480412663,Mid,the Pacifist,18,0.044023692396318204,0.007924264631337276
480412663,Mid,the Patient,22,0,0
480412663,Mid,the Tormented,20,0.06380068279358894,0.012760136558717789
480412663,Mid,the Underdog,8,0.5393750821824658,0.04315000657459726
898455820,Mid,of the Ant,17,0,0
898455820,Mid,of the Bull,21,0.03323019703793735,0.0069783413779668435
898455820,Mid,of the Mule,24,0.03044107344872495,0.007305857627693988
898455820,Mid,of the Octopus,10,0.7494236955298749,0.07494236955298748
898455820,Mid,of the Raven,23,0,0
898455820,Mid,the Accomplice,16,0.05005227200914543,0.00800836352146327
898455820,Mid,the Decisive,21,0.08040488135864657,0.01688502508531578
898455820,Mid,the Divine Thief,23,0,0
898455820,Mid,the Even-Keeled,25,0,0
898455820,Mid,the Flayed Twins Acolyte,5,0.12503199904754358,0.006251599952377179
898455820,Mid,the Loquacious,16,0.17774768580614142,0.02843962972898263
898455820,Mid,the Nothl Pilgrim,15,0.034958717862391506,0.005243807679358726
898455820,Mid,the Pacifist,18,0,0
898455820,Mid,the Patient,22,0,0
898455820,Mid,the Tormented,20,0.0809282210582904,0.01618564421165808
898455820,Mid,the Underdog,8,0.3723697803352316,0.029789582426818527
898754153,Core,of the Ant,17,0,0
898754153,Core,of the Bull,21,0,0
898754153,Core,of the Mule,24,0.0126073229977405,0.0030257575194577203
898754153,Core,of the Octopus,10,0.6034206382041506,0.060342063820415064
898754153,Core,of the Raven,23,0.08583919059383775,0.019743013836582682
898754153,Core,the Accomplice,16,0,0
898754153,Core,the Decisive,21,0.03203068659680084,0.006726444185328176
898754153,Core,the Divine Thief,23,0,0
898754153,Core,the Even-Keeled,25,0,0
898754153,Core,the Flayed Twins Acolyte,5,0.058871819561906256,0.002943590978095313
898754153,Core,the Loquacious,16,0,0
898754153,Core,the Nothl Pilgrim,15,0,0
898754153,Core,the Pacifist,18,0.11313533144500261,0.02036435966010047
898754153,Core,the Patient,22,0,0
898754153,Core,the Tormented,20,0.03619016029562091,0.007238032059124182
898754153,Core,the Underdog,8,0.3632634490825241,0.02906107592660193
904131336,Core,of the Ant,17,0,0
904131336,Core,of the Bull,21,0,0
904131336,Core,of the Mule,24,0,0
904131336,Core,of the Octopus,10,0.752010747169941,0.0752010747169941
904131336,Core,of the Raven,23,0.018768433488343127,0.004316739702318919
904131336,Core,the Accomplice,16,0,0
904131336,Core,the Decisive,21,0.05612488560596447,0.01178622597725254
904131336,Core,the Divine Thief,23,0.06440225905634724,0.014812519582959864
904131336,Core,the Even-Keeled,25,0,0
904131336,Core,the Flayed Twins Acolyte,5,0.1002468742442743,0.005012343712213715
904131336,Core,the Loquacious,16,0.21311567136057089,0.03409850741769134
904131336,Core,the Nothl Pilgrim,15,0.04112394897479205,0.006168592346218808
904131336,Core,the Pacifist,18,0,0
904131336,Core,the Patient,22,0,0
904131336,Core,the Tormented,20,0.014262466933690088,0.0028524933867380177
904131336,Core,the Underdog,8,0.41562969580368225,0.03325037566429458
1031547092,Support,of the Ant,17,0.18985923517929895,0.03227606998048082
1031547092,Support,of the Bull,21,0.05512445225845476,0.0115761349742755
1031547092,Support,of the Mule,24,0.039898039009952806,0.009575529362388672
1031547092,Support,of the Octopus,10,0.6490853162151471,0.0649085316215147
1031547092,Support,of the Raven,23,0.016854383609245075,0.003876508230126367
1031547092,Support,the Accomplice,16,0.11115746213852244,0.01778519394216359
1031547092,Support,the Decisive,21,0.02386855289023745,0.0050123961069498645
1031547092,Support,the Divine Thief,23,0.01162650003432074,0.0026740950078937703
1031547092,Support,the Even-Keeled,25,0,0
1031547092,Support,the Flayed Twins Acolyte,5,0.07980571924090696,0.0039902859620453476
1031547092,Support,the Loquacious,16,0,0
1031547092,Support,the Nothl Pilgrim,15,0.3401868929455144,0.051028033941827165
1031547092,Support,the Pacifist,18,0.060872505592873556,0.01095705100671724
1031547092,Support,the Patient,22,0,0
1031547092,Support,the Tormented,20,0.010962268148301995,0.002192453629660399
1031547092,Support,the Underdog,8,0.5713473907538265,0.045707791260306115
